seq,is_soluble
YRMIHWMMEIDCNGCANNTLSRRWNYDFWHKHVEQVKCYRHNIRDQTEVIECGLEVNCLEQSRIQISPVRPKRPAHKANIMWTIDDAFLHKHKINCASFDNIDADFRQDAFQHKRRLPWHTYEFHPRMEPHWCLPGNNYMHAAYPKDHGIKF,1
LNRKYTTYNHCDTFTTTCCFAAWCNGEMTGFYCGMSSAKGSDYEWDWYHYKAIHVIAMVLDHSSYTCASNFFKKDWSSDYAYMTIEGIYDSDVQVCDSKE,0
AQSYIHDTASNWQGGPWICARAFSWEDTTNQGDKFTQDAYADVLDIQVRCLCTIAKMSHLDVPHEPYAIQSQNWRCCWTYLGRMFAINNFHEGPYRDIYSPVLWTWFKNAARCSIPA,1
HFDNSWFQFRTQYFNSSHEAFLFECYLWAFPESSCTYNVDAAWMFNDAAILMNPNQCWVDTILCW,0
HEVPMEELFKDTDSEVTHFNTPDKTTYSPWTENKWNKHQYWRSFDNYESHPLHQFDMMVRNKLNTGHQPILKVCFFGWISPAYTHPEEGWNHLWHDPPVYIKHADPTAGGNPPRSMFEDWYVRKTQRADSMNLSIGNIEIVFKETKAYPSPQDG,0
WFRCLVPFAAVRTMTPACKDASGTFFGDFFLLWTQKQAWPPEATICIHCDVNANFTSRRFQCMWHGCGVCVRWCYGARLWTFELTLTYFCGCPMMSMWRSMSIEIEDDVWWFVLGAFKNQCTQPKRRMSTE,0
ITDYRRQQCPQWHDRQMRPVGDWRFLHTHNTPYELDKPVRERCRIITNWL,0
GYCPGFAGGSEMKDWIFEGCYMERGTGWCRMIWPNFGEWYAYTNRAQGFMEPMDAGVLFLNCPICYAFKTKMRGDTFNVQMKCNDDAIIMKFQDFFWQEPLVIIHIQWGARATARCQIIWHWGGDHWILYRRAYHEGAFAECLFLAGPRE,1
YRIFRENPCWWEEMFYMLIGGIRQMNPIVARIMNNESEFFILTKWQIKMAQFQEAWIRRKKLYKDYMGCHVCTMNWHYGATMVTHTYKTYITHAPWWTPSIWVAQWRVCTVGWEAIHDLLWQCAVHIADIRFDWARICDQQMSEYFQSVHLHAWSWEV,0
ARFYMLCDNYFFGKCNDYNTLQTVWTQKICPHKMQEPCFMGVLEKGCTFGN,1
LGICNPHLPTQCMAWEWMIMETHIDCRFAERYWDYMTPMCKCKKITAMILHDDVFNNWGCNWFNTTLTRNSWITFSGIVNRKPRLSHTHQRHKWSIVVYHDVLHTQDNPCDFMINHRTEPVASPLNCDLCPPVDHQ,1
TNSNRLHYFATDPQVEVFSAQRKRTENFFMGHQMPCHYEIYWPQLMCKTDGFFRTKDYTLDVVTDDGPRKEQFCMKDK,1
LKRIFMCRGIFSVGFSPFPTVIPWDICIPPAGWSIASKPMPLEGHFMPWLLMHVECQPNHCPQTKTICPDSGWHLKCRFEYEVETNTLAVVQRNEDYNHMAGRRWMCQCETDPKHRMYCRQYMDT,1
NRSFYGWFDAGRCDTNVRNSIQTIRQVYHDNDYQRQHTNYEKGSCIMPTIVVQRGMPAGKIMWKTNQRSYALIVACAAKPAPYHCGHQVRCLNTIMDGKGKHKVNIIVYRHMYSEGDKLQMVNNPPWWQEPIWNVGVWFKDLWDRAHNTYFENYVTWKECECRCEGHLWWNDPVI,1
RADIESLNQQCFFGPKRQHYCHGTCDFFAINEPRMLDQSLLNKAFYIMNAYMFRFNFTTNRRGNYVQCKF,0
ADGFFATWQNLYVMCVHRMVNGYPYSVLIVAIGFRRCAMLVVTIRITNIQEAAWSQSFKCVGKAKSPKP,1
CGQEGWGCVPKWPMAHRANHRWATTDNGMDIQQLCQKDISCGNFCSFRNERMSGQVNMPMSRREMWREPWCQESYQRDISLEVCTPEMHNLHPHTLLEYEHANPLRPKKRLLISTFE,0
WEHLVWELAVFRTDNCATSFRDHMLKQPCDHVDLHKTMHQWEGLHPQEIFAEDKIAGKHEPTCFNIGIVDNDGCNCGTDCYINEFPRSLSNTSNIYDSP,0
WIFYINAYGVIHASNGYCQEAVPCKCKAMDYEVGDMRFYLNRTLGVPDLQGDSHYQKRDCCDVQYVLCAEQA,0
SQYDDKGPCICEREPNPQYVGMCWWFWCLCMVRKWKDKQWHSSAEEHITFHYYEGHVFYDHQHFFCGRLHFAPVPVFPETDTMYECYSVIDKYGLLPTKTKKACSALVIMCIITRTPWFNAFIPIMAPWDTFYIQEMYRWHWWMFFILGRSTIIKCRVD,0
EEQKKVLENICPSCMLRTIVKIQVYYNWQTDHTNKRVPIQIQHNMMPVCRYVRWNPMFADWHNRFRILSIANFDAEIDLCMLQHCKSPKYELNTQQCY,1
SWGWFEREYLDFGIHLGQEPYTHEQDFSYECVWWTQWPNGEWSPETAVYTRMPATGEYSRRGRQMHKSFYLVDPMTPGTPWWLDQWFFYTLFEGEHHVDAEGKQNYENLHDQLSSLPGNKPEMY,1
MEVAHGRVMYRSHLNQFVFDFTWWNKAVELHATCMKHTTCGQGCALFCSCLCSSWHNRIGLDWTHYEQYRIRYQKITCDINALYDGHYVMWFWMNLIKEFIKRRSQIVLYGNCHSDPDVMIGAAIFSMFEG,0
WKNMQSAPPCEGFDAEYCFDKYGVGWNMCRNNKCDNSADYCKWRVMSTFNMRDAYSCCDIRHGKYAIDERGRDQYQENTHKDPRVWAGCQGQEIDWQYTIQGSWQWDLWKYPHQKWRYQGEITKAYQMDKQKEEICKQKSTSNDMQVFSYFDNAKKEDT,0
IPRINNQRRKWYIWGYWEHENPDNCCKAIGGVTNGIWLAPTDIQDSPYTPGTQTIMYAHTLMKKFTKTWHKHPMQWMPQPAINWNIIPNSAPHFIQPRTRYVVCEAEVFWRIYT,0
WRKHCKLCWMPLQVWKHDYGCGDSICTKNDMAPRFTGMVEDPKGNCDDNRKIMSEAHCFHEFAARYWLVDMRMTTGFICSYNGAETPVFDMPEQMLWVGRLFFLFDGEVKTPRYTPSEFFKTPCP,0
WDLCPWTQNNMHEWADPRCMEWTDVIWFHIFTFEWCMPRNMHFTYKQNGTWWSNNYGEGMARMWVTWQVWRREHPDSKIYPTTTAIWGDFPRQSVMDLLSNCKDRDWVITIHHDAEFARFPIIFKAEDCIKCQQE,0
MDIDQPPCPWGSCITCLSGCCPRCHDIQHHATKPWWTLLEIYYVQVQYREPIVNQCVCMKNTRTVGTVIKGFNMAMWKCNEEVRWPWTGSNWFTALRMPFANMTERKYWWNFLTFSHKDRSVQDNKHKPVFPECSKKGMAEPPPCKIHEVD,0
GNNIAEMDPTLNRLQPFGCTEQLDDRGTNYMEGAYSRTINLRKCFGHAHYNSSMEPHERWKMIAIPEIDKCCPRNEI,1
FYVMRKTNHLLPWMPIIERMMATRYGRKQVTVFYYKMAVGCRQFGGVQLQPDGINPMNATSMPVMNGKSEDSNMFVWGVGENWCTMMSCCIPLIERAMHTYVNKFLEFLMLICISFDNPPLEKCWAHTDYYDDTHQTVPYYVEAVAPYYLMKKFATCPKEFMWDNWWPHRHIFQELYRVYPIKSWS,1
QQERDFADRIECLEDCTYPFKGFLIHHGYDWRENGWERKFPVFSWQSREHSITSLLCKTMLTESYRFGTAWETKCIRHGARHTCKKPGGYYDTTNSRPATDREEVTWMYDIQAQCEWGATIWAFSGIPSDWNSMLYENCWFIHQDVSWWVYS,1
ATNMFNTGAFQFAVSKWFCRHEAPYHRQWYVLKILTCGFKFVYKTTNHDLCDSCLGMHRGYKYNWYDRCCDGRLKASGKECEAWLRWSECPATPEHTKEWALEKPQLGSGTLVVDYRREKW,1
TMKLVYPIHTRYRAQFMSCIMVDAMSVSLVGWEPQDLGAQIWQLTKGMHTAFKVCMGIEVMFRVCMPEHMERADQGVAGGSFTLVHDPRYWDEFAENLYPQFEQLTLHSATKGWPDHKFLTNSDKRFPQYRSPTICFGNVA,0
MLWQLRWECKLMQHRWRIMKRAAWDLIRLAVCWPACSRPSTHTHPFTDHTHATTMDRMSKASKWNWKHQWWCKPRDMQIVWSCIGNRIERYTPVCPPRYLDWDQIEYMMMCTKCRSEIKFSPHYTDFWNHKGTSDELFLNLPMSIIIPCNLNMRSTCVNWVTGRDGDAPQPEHLH,1
GYFYNAIAFGDRFQVSGQIHIPGVCIMAGSYNMLDPDRSPTDYMWMSDGQVTERMDDSFLWEWMCLMYSWMQCFFWNVETLYGQMMVVMNFKKLWAHEARINVRTQQVYVSAMRNIYGDPPCFTGCEMINIMYIITYYSQMHSPRSKDWYFLTRIRQYHNTTLWQMCVHNCYVGLYRFYDF,1
IIINIMQILHTEPEFEVGCMQFGLIQDNSTALLCKPSVWNITRLRRHPTKIYVPSKNNGWHDSVSHEIPPTTFGWPQEHIPGGDDPCSGIIGQDLDNTFYKYHEPPLVTYYPTEAARPTIVPQIIRPHFTSCVTHPVQVPMSTIWYRKYLNYAYKRANDMCSKRNAPQIINAMIL,0
MHMTAIGVGFPWIKTDWMTWCIWHTGWGCGFWYETMEPYTKEQWDQIALVSIANISVEGNKRSNQPCDLKYILWDFDSTRDNKNRCVYNESSACDYTYAYGRQYRQFGTMSNREVDIDIVLYTIMFPFPGFKSCAIWMNNHPIKHRCYNAIFRAALLRTGDPSI,1
TPTGTSQPGDQQRIRPTDGFTCRFYGGVVETQQPHNRWMRNDTDWYEDSNITHMVADEPGQFSRRE,0
SSEPPCDIRMKHPCIHNWHLSDLGVVFHCMPFGQNEGLVRIKFLYGSDLMMTEETKWFGDAYSMPLDKNQAVTKKLWRFRYCPSRLQLQ,0
KQDYSCLDMMPHTCNLVMSTWVDSGNMRRSLNPEHCRIHRQINPMTTEIFSERNFSQLHPYFDRERQYWPLFYYGECSVFEPWCPMEYYREKHWWGGYRRYKEVVFY,0
MFENCPLKLHEWLDWCYLCCTSSQHMAMEHRVNTAMARLHCLENWMIVMMPDNDLTCTSCYGLLIAPKLRFSPYVMKSCCNIKNKLCSYHCAWECQCRNFYHLQQFVQCNGEPEQSEAPEYVGDPSFEIWQHQGNS,0
PQHQRNTKRNCFPYIQRMADTWQIPYDFKGCPFIAYNMHRMSDYQDARATCYGISWADDFNNYPYKHEWWGPMPPYRPMWIYILSWMPKYWSHWNRQMLMGCMWGQYGTLADIIYRHMHENGQNMWFQSP,0
YEMTHQMKPVMRWAEQQDTDSQYPRQWGLRYGLHTVTKLLHSVGYAANCETEMEAHVKDIWEVYMQVSDREFTHSQSHKEMCNNEVHAPGGNIWFVFLALFNHKNAMRCYHNVDHMVNGFANMEVETCCNGLSQHWTK,1
FFLLHRHRDWLRDGNRGPWDIIYREWDPISPDSKQPHRHGCKTFNALMSQITVNTQSQKEMGRFMVPMQVWRKIYAEQCSDIGSSHPPFYVRVCLPVRNRPVRMWDHQQPNKAWMWVNAWYTFDCDISGPSSDPQINIKAGWMMPMVRAHPNVWRIWLHVSYGKPISPPTYFTKCVKGMGGPMQCIDDAWVTYPDAEPT,0
MCSCWWSWKALWACSNIVCPGGKSMHLLYVYKREIKPKETSRDYFFYRVRCPELPLKIDSQKMDFLPEPNFLKYHCHIHQWFVYNTPCPHLGDDVMYFWWRSKERNDQTWGEHWTSRIWIVSYWLTPPHLCEGVGTQMWCDMGQWSHIWYSHKPAIEDDPIHASGHNKMLAVEFK,1
TDSFSDYRDYQSTYVVQVRRGRVEIRDRPKCIYTPACRNQCVHGQICTFQYDFSVTMTSCEHCGTHFFYSWKFIKFLCKMECGQAVHAAAEEVMALKEGSCVLTPVPTFMHLTRVWCEDHVLHIGAEQTYVMQKRNLWWGYGIATTRHWDMYWKLCASVTGQRQDWNCDVAYGFAW,0
SNISAELMTHNHNRCQPEQQSHWCLVTFNGKYARGWVGPAPHRNAREPFCASGSQDRDCAKKHDVMHKAQYGHLHCETALWRLWNSKRTQVCEVHPRAMLFSMGKPIQATFCKETTVSIMVLPTVLSYFPVTKQTEVYRMNKPRRFWYQTVDCALWTNANTDMTDIYEHQQESATLSS,0
GSYSHKQMQHAPYDYEMCQNTNNAPQCNSEICLKRPTSCYYQDNICEQSWCNQGPEVNYWIHSWGYMFSHFMRDFFKRDGTIMGILDQQLNGNQCKLTTDWANHELPCLEVFWCNTLCGIWMNKCIMELYSIELNQSVNVH,0
HKAGGNNLGTWVGWLIGHAVYNSLLQYLLMCYIHIACVRAFCYDWVVQINLYTMCEARPIELWVFWSAN,1
CIVSFPWDINCMNVPFNCFHNSIKRFPFMLYPKQVRLHIDRSEGAEMNFSPPTHIPSEISLNNFSAKNFYDFC,0
CPHLPSQMLGEAHKIFWLMRGRFWWLNEVSIENCEFDKVMDCKQEKPVRLSNYFCLAHTSDQLHTGETKEHCTIRRISWMCTSRPRESNEDTVVTNENYRSFRTVFPWPVQEEYYWPNHNECCFLLKPHFLLGWIATHQTKTFYIGMWEVAPQAMTENL,1
GAHSQYYGFVRGWAAPDLDKIDPGPYYNPCSGWPTKTCWWHLLYKTRCEWTFHVHTHEIPEGFNEKEWQFVLWNVTMDTARKRDWPNYATPALRHVSQVHTVNICHEVGKKQIWDVFQEHYNCMQSYGERAHNLFNVLGNHVCL,1
TEHKWHCGVGPWCNRQGVFVDDLWDNSTHPCELHTYGWFLKPWGEDDEFISDNIPEQQPGTEITDTKCPYCYMRMDDNFYHHPKPNPLAISPDDFMHLLYCDIMPHPCGKYCVSNHHTPMGQGGCYRTIFTYAVRFHVGFWLRLSNVASGDCCPKSF,1
HPYPHLRGFCRSWKWHEDYMAGMAHGQCEMRVADDHAMGYDWCVNLFKCCGLVNETRGSTDLFQPGNIFRSASFDYRPSMCGGQMIIAHGIWYIQVSKRLSEYPFHKISGSGQAKPWTMIFLHLEKQCKALLYDGGCVCNFYHSYAATAYPKRDQMNPPALDESISTW,0
RCMARWEMFDPLMVCHKLVHHDNHTAFSRCKHEYVEPADSESWAFWMPYFEEEEYVVSKVCENHRHTSWKQTFCYSQQADHRWYCWKWFVSENHQNDFTLLMTFPLKTAEEVKVQRGLREVVTNHSMQDWVLGPLVYSGPEQAYFINCNFFPKLADVNDKCDQEWPHNDKCKNNRCVPQFLNLMCFHGDPDGM,1
LNTECMHCVEIYQNVMICRKWYIWFMRIWIWVLHKAWFWARSHNIFLFTFRPAMAMVVSPHASATGCTGQVGLVKILTGQGHNDQWSHIVPKLKRYCP,0
CDGDLGSTWDVHKYNFDMEFAVNPKCFPSSDEMQDSRLKMSLTWCCGWIDQSADVKGALGNEPTIYDNHNCQFKMFDTCAHQFWMCIKDCHFFYPYGYVC,0
GKDAAWFPWNSWDNFCHPRDYFIAIVYSVYNPPLHQSRNKIVVPVRETFSKLVTVHEFSDVQRTATMTQYWHPVQAHIVKATWGDFCYELLMSTSHSDSINDTVMESTKGYCKGDYGHAAFGPCRRPQHQLTQIESPYVQVFKDIYLWDMMTSHEWNRMFFRVMNCYRYE,0
GWMCIMFVVQLDKDMNNDHQMHLMRWSYNVPFEQIKWDFVAIWTTMCGQDNENPCCRTHQNTQGWGVFGCIRRMAVNNMIHCMLDYLVQVILPIEEFAT,0
IHRFCHIHHQVGELVNSHGFDNRLYWSMIDHHQCLWKSWVKSPLYQNWHRSILEWWRQASLWDFKVMSCNGMINCKRCALCNIFARGNIPWAMYAIFTILCKDVHRYVDQCQMSIHMDTQGIFICRNTARQYSKATPFLGWPAYRQI,0
KTKDMNLTTMEHQHIAENDPYGMEYSHMAHNHHLSIKKCPPENTCPVRIRAYLNFKISQ,0
PPFSMFPMWDRHHGDPHFVITYAQTLNSQSILTVYSTSWIGGKENNTRKHLSNHVRGNMYDCGFVSIYMLNGYFKSQIYWQHFVCMIANCVHTQHDGYCTNNTLDYVPNTELMGGKRCEFTIINIWDVWWRGSISVYSMH,1
NPLHQATEFYHLTHAHMKNDEEPWLFHSANCHMPCHRMCHEMCSHPFTNWHGIPFCKMGHHWGMMHCWEGTFHKAAWGVLMAAPFYAYDVKQTQEFTCFEEGYPFHYAQETQSQSYIDWACRLVQTPAFPQDRWTDSQNNMTITYMCLLMGENMPFGAGVKR,0
IWSGGDLAQENGMNLVHHMEYAPVKKKLCGRDMGDMRPYLGRVVHRVVYKCIYCMHGLFMACAWCYENYVAAQEFMPSPCSGQATMWDMFTHLMDYLLQNRLLWALCTHHYKCQTAKYWEIPEKKVNLMHKGWSRHSFS,0
WFHWFTIACRYVMLEFEPPVCSAWKDHLALKRRDFKKHNKGCKTAWGFCKQEERIESESNSWIGLFVLLHVAHAREYLKCQSACHLYAPAFSRTSPMTTCPQMLDTRKLIPVFGTMYSKCFAEEDKNLCMLGVCCLSNAISVPRNILQFVWRGMMYYVVLCKQWLEGQERSHTWWTGM,1
MHWLKERPCCSKPDKPCIKSCGIFKAKLEDLRMQGNPTSDCMKDVYRQCTILVWIIDDNTETQWKNFMYDRQMYIENIGRNSSYYEMPKENKPSGLPHWWTPPCLPKAQSYRATPRSSCTMIYDNYSQSTMTWANRVQAPRHRYLQGQNMYWC,1
YAIQKCFISSPYRADGQEVRKVDLTHRAMTFHWRDRFNYFDKKHCSKPWYTGEAVWKPIPRMNQEAEWKLEYKPNMNVNSFYNMKVDYTQATIFFKDWKVSACQQASRRNSQRRWICCLDTIEQLAEATTHYRPCWPMRLKKYATNLFVRGHTGINQNLYRHKLLSHFDVMRYFNERKHLPINWASTVMVHVIGHLMPK,0
HKPDDAYCDRGPAYWACRQWMRGYKFYCGVWKGQPMNWWWPQVNELTENPELDRCTGIDVASHDEKFWRIGVWRHLGQTK,0
FHWYHCSPIGGKEMFTYHRRQPMPKLETQVMSAHLKDQRCQSHEVFGHRAEAMVQMLTERSPKMMGAGPFRVYQRFECHLSLVTPAARAGPAFKTSITRANFGAALLDTWMVCKTQETTNYVDMVETVFQLR,1
MYGSCAKNTRWLNQKPDQLSHEYMSYETPMDKGMSWFQTDESSEWTPANEMFCTIGKPMSSCLNIMLPTHDYPWHKWPIVCVVMAQSMAHSQRQMSWTGMTKVTNFMEEDTHEPNAWYVMYDTNLIRFE,1
YWERTNDLRLVADNADDFWAEETQVASDKEFMKDGMKRDAYWQTQTQNSAPGTNWGHAAFGSSQAPYLLKPDVYCTW,0
PPACAFDHPVHAFTIRYECFAFGCAEHAAIYSPVYLNALKDWKLWSVQDCAVKPCHSWRMAHYILFKACWQYLKLGTGEYDWVEITFPAPEQDFHANMIGCWYYQALSEMSYASWKKKTNPISVAANGKFSVTVAW,1
DFIWVVARVHSSRGKHQMSGSYSNTFPIFNKDDAVNKKVVHEPTCQDFQDHVPLPSKCFTETKYCVMPIATNEPKHFFTKGWSCLSFRPPPRQIMVELAFPAIDDHEDRIDHVMMTGIALWDEMRAKMWPSEAYPAFFQQIEHYWREWKPQQLSFGCPPWVWAISCIGSMTWMIEMIKCSGWIQS,1
FWVKCYNCLAENKEKGALQVGVYSRSIPMHTVWPRASFDLWFHQDPPLCGIENRIHQWQPAWAELDYKDGGNASFKLPRNFFVNDHTWVAFCA,0
VTCHHLDNDMNESYVEGRADFTQKDPDMCRPWSVHPEKLKHRIWMFCLSPIKMMSLNGNLVVEKHVIMHKIDTCRQVSYEYGGMTDPDSRMVRFSSTKDYPDHGKNRYDLAWWPNAWSRSMGMDRAHATKPMYGAHNYWTEDAVRIAYQEFPRGAW,1
PGRSSLKKTTTNPNQLWCEWHRRGDGSCHMHEYHENFWFWDMHTKKLPRFDIYLPDIKNMCVKCCDSWEVYVLMTYSYPCCQETPEDNICGLNLLDYLKYWQCFYIHGMNVWLQDVRGLNHTAVRWAFRDAINWNPAWGIEFHEYERFKCHTSTYCMCACKCRLRLTKVEKSESWA,1
GLSEPSYGMDYLAYMNQIMEHLWECVQSMLTQEWCHKWSSVMHKEPEWCKNCGFFYFEKLSLLWLGTFGRWVEISWYDLCEGMQSWCTKTRHWDAEVIWGAIAWMRMWLNAHTLGTVFVTSIPSMGDAVFPLFQTACHLYHSFNTSYSWRNLCHPDRADLRGYRHFEV,1
VVCPRFDFFFDDYVYEASITIHINSNWLHNYFSKHYQMHLKESLWTKPACPKHSWHGVWMNLPNLYVEFFNDICVKPHLKRFNANGWWSWDLVPVDDNYHIKQFWSNEIHRGFQPLVEIMTVMSNPSASR,1
NIHCNQSMYKLTNGWMKGSYSGFECGKTQHWAYRVDVCLMDHIWVPPWNTNPNWQHPGWWEWKSEGISFLPQHYGHFVNGAEWNRDYIMSKDFYQRGEIWFPSAPMIIQPDEYRRPKLNQAQQISQASVHRTWPKRDASIPITQHRSWGANVSNYPIAHRPPKREPNFHIFKQNEYITIAYCE,1
AHAKDNWRSLGTTWVMHLHFNSVDYRFPWNFGHLSIKEIHRDTMKFLRQEYCNAYFGMIHEGSYRQNNSRPMTRQLNSRLEKYKYMMHLEFFMKSKECQDVGMVNFKYVWDKETTCKKFRRDWDGEPPMFAKTADRL,1
NRKLYKRACWQIGNRQAMDWVYCHIWRLAGPQDMDWLRMRPFEPKTCFSHANMNWNNQCCEYSLPCDWGWYWIQLDGRVQWLRECDHSLWTWFYPPMMSRTVWEFHCANLIANCLTDHNIY,0
DTKLGANFPRMIFCNCSDLWIHANFSETCNANNNWTYMPILIYIKHQCMIPRDQRCWNYEDFDRWCNFTQLDEGSHRYMAFPQKTRHNGSFKQIQNLYYPWRILDDFSTGYYSCYRVAWNIGNHV,0
QIYQFKICSPHSHQQNAANYREHSDHGSIGLSMPGAWNGVPHPITKYPCECEVFWLVLFTPTKNQQIFWQKHIQQMQIDVDPNRVFHMMRLRPQTPLAARSNGGNREECNHYKKIQANCPEYVWSQINKGVCIQGLITNTPWNSFSGMTQGMNPEHCGGVYIIIIAC,0
DQIPWFPYASCHGFECLFVLRKMTKSGMTERAYAKNEPHIPMKSLMNQWNVTDAWESNPTIPYFVRNTRCGTSTYKFAGQTWAAPQGGAQDLWWWEYWLCEGHSHV,1
WKYLPVSTPNLAIVCSNKDECILSMVQIRTVGQDHRSSIHGCPNRKCTFMWHCSNRAPGPVDARPFPFWVLIRYE,1
GDHLGSCTPAGFPVNHRDSASNWINRCTHPAGPMLSYTTEFQYLQAMVSVILLFLVGDIKFCCHTLNCLYAEPNMLRFTFCKGVQWQITDLTMIAPEHQFMTFYDFRWSIPSDAKKTCKWPFKPAREEYLGNYSDQALRHEQSQDTQVDWDNFLKAPDWMSGDWGIPNL,0
EAPEMWMNMGNKLDDYSDLMIGYMNSVPDRQVQFQIRRWYGWIGYRDLRSTWMSFFQVIFHSQFKEESTREGSEGFSSLKEQENLEVPPQVASRFGGDSNEAEAIFCNTHMEFGMALYMTIPYVSCFVDTSGWHVQGIRRRSAMFFGC,1
QMEKDSMEASWSMIAKNITLHWGWVRCQLSHILRIPNIRNMWQVPETWKHAHHYHISDPLVHFHTESWLDDTLTTEGNYTTLHSPDCSGGPHFHCTPSYCFVHMMTSPFYSSSQGCQSY,0
RNKVQYEIISLTAVLEAEEETKWPEFPSFISAGMSFSHWAKVPRDLKPSDRTQHYSIEYRFP,1
FTHGCMHIFVSQNTFQGRHQVAGDFNMPSVTTMYLSCTYLPNRHPNNCFCYPDMS,1
WMKQKHSDWEHNVFLNIWRADVVCFALYLFVRYITNNAEIARVAMCANSLVRTLDSGDKMPVEIPLCIGSVTGPQLMPNKEH,1
CHKFRVEWYHITPMACTFGHRWSPFDDWQSTEPIWFCRCMPLDFDGPLWIVDTILCNGCDTHFAINQSLRRLH,0
GKLEDKTQLPNAWWGPWPECRNHYVPTEQYPDVQRDATDQDPRVQDWIEEWMAIRAHYYMQSQNTQLQVKTGIPVFGWEHEMNQPLVSFIQFIGSENMDNFGWVSMFKDIGENNS,0
QPKHNFVECDNDEGNWLATSKKKNKRCMMIGYHDIVTMCWHVIQHETFNKYPVYKEIATKYPCPKYGAFDEAQKEVQELDHLPEVMEQVIL,0
NDELERLSRWYWVNSASCRHAFLEQPASKSWRQYLNATKWVHKNHQRRGQCIPGFFAKGYHKFQFIHPPIMVWGCPMACTICGFSIWSPYHSSNQVVSYSPKKPEKRQWNGDYSYTSGIW,0
NTRVSPTIADSCRAKSENAAHVRPSHSPQTNYPYRECVCRWRYLYMLFKYWPVTGLCGPVHCQFVMLMCRHKFHYCDCWEYHHTWSDRQRQHDTLRGTTQVFIHEVFSQWQKGTWNESMETIQCMMG,0
QLIHIICSKPNTCPAWMFAYPIGTNADQIMQIDHWESPYWFFYECPSCWTFVVIRPPSYPYCDRWPFGQE,1
WHECHDRACLSRRQQGQTVYWTSIHYNKQYALTTTETVYCIPYRYKDDCAQTPWRQCHTVGICASHMRPCQGKHVKEKENEYQHPIFNPYQVYEVHRGSYISSDTKDYHVNWSTYRACICWKKPGRWRVHMIGIC,1
SHLNTHIHEDWREKPVSAEVIYSMYWWVWMDIYWLSFYKIMSHRYTGRIHCPGFYAVRLDFPICKTVPANYYFIRDGPNWVAHNLNMEWGKYLFPKCVANLCKCQMMTEPHSAPAMGYDNFKNLWFFKYTLASRTYPAIFGYQMGMPNCDETGHRMDGCQKVWN,1
PNNVKTSTIMCINAPTQQSTGHARYVPCWRNRVQGNYGKETCSQIQCSEAYQIDFGIGGEHWHDIAAQGLQEGSAGKRNDMRDQCEWNCTDLSKMRDSNFHKVINYCLWKIAGNWTCMVMVIRKRHYPPAYEEEPCREGDHGDE,1
KGYMHVEFEEPSQMCQHMEHSGGCIHQKRVNWPHLLCQPGKPKPFQFKIHIDRIAHWCQVRQWWTWSYWAWHMFTMILNLPVLWYTYSFDRCPITEWKRKKQSTPKRHAAFKNGPIRGGEMVDDNGGIRVYSGTKWVFGNMSY,0
YKADKWPQYWHENQCAVYIDGPKKYKRPSCQGCIEQMQNSGYANHIKCTYPFLNTGDRHGEWFDKGPYECEIPLVKAPVRCMQRQSRWKFFMYEYVDEQHISYRHTNVQRRFSFCYKKERMAVAISVKNWVFCHLRHFRYYRLQLTQCSPKHSLKHSKTYHM,0
WYNHIHGKPHITTSCITPVLCCQSHNQEEVDATHSFWHQCDTSIVRHKGVVQQQEE,0
VQALYLLCIAAEHKSFCMVWPMYWTFPYALIIWGNHSKLLLYSATQWTQIKIPTWHTAFGCSFFNDSGRRSYPNLQCDKMM,1
QKYLKFIMALAHQFTGSMLRHCNWNSGDCYFMDDFMDPIYLCEVWEYKSGEKPKGWQRDFVQSQKRHQGRYICIATWFYSHHVVCRQVKQF,0
MFTERWCTNTLVWVPQSVVSTHNCLFDWPNDGQEPWVDYGSYDNWWEACPPCWS,0
KTLVWHWRKLYYEGEFKNIFMMPQIVWNNVLHVNQRSCVNSPYTVDLAGDWEYDIIHCGSLEPLQKMVMTCDMVDRMMYMWA,1
QCECVPWFYCMVGLTMWTEQYEQEGKNIEFGFWIKREKHIRWRFWHGWTLWMRLMDDVMYVRHLYLPRVEYTDCEARAGHWNAHWPNNPQN,1
KCHKNFARIAVPAFVSLEAIFCTHTGRFRVVGCTENWCCQRYCEWKHPNDPRQKPEIDCWITPHKNQQRDRWYQIFWEQSYGGDRDMDLVASSLAEDFNNP,0
SPFERNWWMGKANQGACMDLGGYCLGTQFTCKNWHKSYMNRVWSRFMRVPETESRQNDLIGQTWSRRANLQLLYMSKRQWKEHIIWRSKNSEFIAGREMFVRVYPF,0
AVQFGSNYVCPTTSVIDTVGIPIWGRLTAHPDWRFMVDGDFKWPGMQGGTMRKTHHAIFWITWNRENPQFSHRPSNHSP,0
DRDHVQVWQYGIHYVVRYWCIMVPKKTHKACEQECIVWQYLTIQIFSILIKVDTYRTICTVFKKCCWDTQQQGDASEATVICVSLINSNMYWADNKFALTERWIRHRILVERMDRDRGAQSATIVSGLLFNYTQQDNYVNCCTLVWAEECWNLPYRDYPIHIVKGERF,1
HKHKYLEGQKATPHKMDNDRLAQYGCIAEEFYKPVTARCSYFWFCHDTDPHDRV,1
LHKFYIQEYQNCPAYHKTPLSGSMYDKRPLYPTHGPTRERQMEDCYLPYVSMLKNWAVQATMYRERQAKHMCCGWYQD,1
EFTEPSSCVAVIMRSTTNLYGIPCWLENVHYEHLRNAYVSFWEGTHHKPYQSKRFVYIRKWGEMLDANRRQHTWHDDVYQDHHFDVRYQEIPIRTFYEMVLTRGSRIKMCPEKFWDDGLF,1
HVIAEHQPLVAESSVILSMGANGPTAIIMQLRHHLEVLWQPRSCEVTLKRNKQPGWEYTWDQTPKATSVCQTDCICCKYGNKHNFSFNYKHWYMNDTHLRCPEVACCEDTQCSMPACCFENDYLYVLAGMCHYVWEPVYPWTAGWYAI,1
RVHSHTENPEAAHKASVRGCKEPMPMWIHSDTVRTMFSRLQCSWIRLFYSNPKTYNFNAYSNKPTTEQWHDANRMLCETTIQEGWEDYGHQNSYICPIYSESYGESPFRIHQHHVLVQLHHHFAQVPIIL,1
GRRSIWYRDGISRPYRVPIQMGACPAECYSDTFINNAARTCTYKNEPEHQKAAYEALCRDKTPDEEMHMMLFPNLHWWWNYRFQNMFSVNFSNCGEPLTQRIVDTHPSFELPLQNAYYHKIPQNIVSMSQDCDEFLYCNFFAENNSTLTTVCEWMTNCGKFYKIYIGDFKHEHFMRCPSHIGHVYHDFARDIKR,0
CYFWPMARVSKAMKMPCQGIVSNMGDQCMDVAANRFGSNNDCHCHMMQDQMETSDLRIVDHLYKQQMAEGFDCDKWWTVMNDVGHAGVPWHWKDNYVIKPILTHTVCDWALQPKGGWLDVWFMLTEVVAQICWRCEAWLAYREHHVPLILQQYMG,0
AWHVDYMFWCELCIAGMLPACDKFLLNVADFTITKGTIHHRHIKRCHRVVLVAHDQNQEPSSFYGGVGHS,0
PNWAIEWFTDWAAYKFHGTTPNEIFFPMIIAPFITPKCWYTHDWWKLQVRAGRGVADTSITITKNWEMEQQGTCIELHESQSKEGAHAWIDAAHPASQENNTRLDYYNAALVRCTIKYMGQAHKMSWCRDEYHNELGQDTMLLLDRTVWWNFSR,1
GNCYKEFILHQFSRFDLFRVICIIEWVAYRVNAHWAHCHWPFWAAVAFKNKVMAWLCHYCWGLKIMKYYKIRCAKKPIFDETSSYDGASRHCLRGCTAAEYSIAWMTLNKHNRITFQCSTDAVVERWWLFWMHFYNWRNENVTWSMCSATVPFGALFAMHVYLRESRRNIIV,1
FCNEPTSKARNFVYCERGNVYEARVQDRFDHGAWHENYVKWEAKRIRRVHVSCEYSDCDFCWYCCYVYQRNMMHNSFCSRMGPWLWFHMQSVEARQWFEPVNRKEFKPLSPEPIPRYYPFGFPFPYIKWYRLMFKMWCGADDQYFTRGQQTIIWKMPPWWFSKYDWFIQDPMIWLVVHSGSSA,0
DGEEELKIWTTAYQYMDILTIAYHKNKYDELEKAFKFGWILMPYEMNFLHKKLLCEIQTPVVPINAYVDNWPLRYCWDQHIMYGMTLTCGFECNDGQIQDSRHRPGRTEQRNWLGKCEKRPYIWWSMLIALVDMVDIQGRQHLRLTWTNRNKFENSKDDVTLCM,0
DCKWCWCRDFMHGQATTQLIIQHGEARRAYDFFETYQICIAEWFFYWNYAHTCMHTDGMVVLFRYEARTWQWV,1
CGPTGFHAPWAPMHYDAITPQFGGIPVETFDEFQRYTGLSTQYNKRNQVYGENPWPNYDDQVWLTRWKERWSITAHVNSARHTDMGGRHMTVWIYIMDQKAANMAYNTRCVSEICQRKCTLKCWTMTLVGSVYVADRYLFRQRLKNHFLIYSNKLSLKDWMGGRRPFQCNYQW,1
RYTQVFNLIGRNGNRNKWCPPIPEGGNNTHRTLYGKRSISFVYQCDQHRTAKQSPGAEDTCWYIRGYCRYNDLQQDAYACWLEEPKHSVDYYLSDMLSIKRDEPNKQWHSYFLVMHQYVMNVCALAGHTKHTD,1
FYVAEMYKIIFNARVGLQIDWNNRHEKSPEKVRRGMITTVERCCLDIYHNWRQSQDVGTQQYPDPCKPISDPEVCYRTLAGDWHPPTAQDQASLPEKQELIDHLDCRKRTHYVRVNICCFAEGPWMPIHPAGHSRYCSTRDENFTGLVLGGYRESIHWTPR,0
CLPVMPWFDWPFNQGKTIPFTDGQRQMMKGRNGASYRCTDDFTTYGAHRHWYMQPYKKSNLGVCYKWGCRTSILLVLKWA,1
DLNVYGCLCKLCITTEVNTKWQQTCIFHSSTHYIIMRVGNRGVYKIQWWICEGDDWMLNQVKRDMLVEPGPYFYQPQISPRWACVWIDQKITSLLGTSRQEECMESEAWCKPVSSLK,1
ELDGDKDVIIRPHWILTAPPSKLGFCMKGIKKINIDPWCTSEVQCPYTRYFHVMVFPVCYEPSGISPECKVTIRKTCGFTCVLLGNTPYSLCCHGANPNWKLTVIHKLNRREEANCRTHGNWAQEFAAGFCFKWRPNF,1
EVLPNCRQLIRPIQAPIVKPDVLFGIHVQRLNHHMPRVHGMIYAIIWDFDRQRTVCNSECQMPHLAEVGCDQISWVGQDSANQWWKHQFVKHKETNGVIRDCKIECQCCHNGVEW,1
PYCIWKESWLGSLPKHEWEWWNPELHFTVMRHVGVSCWAMYFSAWQDCFTVARKFPWLYQNMHTVHYGMNSWWMSNIDCGSYRQCYVQVCAYCKKSMGNDNAKYGMDELWGAIIGTWARPDCDKSPWVNNAYITYHKTLE,0
HIISNRIKDSREYSLMFMPRGSRMYCCNSWCTQSFLTPSKESMHTPEQLLLNCKFIQHHKDQTVNQPQKWCMTCWHVPFVSRIRATRQQLCGTFFRRYMFAMMGICRKRISQRYPKAGIY,0
VTSPEEQFSQQQQWDTQLPEMRRCMCFPAHHLGYNPMVCSCWGAMVLVAWSHRAKCTLGFIIFNHPPTEVLDNAMVPTIYWTCDDGLVVQSHATFATLNYCSRPVYQVCCDFSRNKQSMGLISDCSWKSELWPVREKESRCQDEAKTQTALSWDNDRTVHWHFISSWRHFMLKAYAIDCEWMFLIPFNPIRPAGM,1
YAMMIDWNGIFLSNTGKLYQQTSECSADMSVRKNVFIDCWICWAPYTDKFGETSSMCTRVLGSFNGQSHCGKHCWIMESVPFCMAPFVQPHIVHYTSMWAIAKWKLMAYIYNALERWGFFVDCEVKWLRAMQLWSICHWHRIQAPDGWREDEFVLIND,1
IAQPNDVPRLAGKLRKQMHCQGFFWWGLQTDALDFWLSAGKFQLCFALKDREPGYTFRIFPAAHFQRTVHVWYHIPVMKAINCRVTRYYKDYWVYIARW,1
LNGPEPTAFTVHSINQWMNPIAKCQPSCENSLDEGFVDLMWQMEGTWPLMGCAMSDFRREEIHTRFPETTQQTICPSSGEDGEVGFKMGSWMRKWWKELKWRWCLWTYCWTVTCWAMLFSFNEGWKNRSPHYEMIGLHH,1
YTHTEMDMDNAEQAQPPRTNQNVEQWPVMGKNWQRMGQDWYMTTDQHWDCTKGKFCRKWLELIPHHERNSGKDIHEPWHLNDNWRINYGLCPHISMETSWMHPWTPNHAAYQRMKTEYWHAKPCCRTPHKNDRHAQWSLAFDTVWVSCRPPSIMILAN,1
FKSVIMYWEYLPYQCEHWTSPVNARDGQGAYGIRQSYSWAELYVCERESRVHRMWIADFVNNWKMTSELRWDFMFHGPCWMYFKGTWIHFRLSKHMKTKDIWYSHHYPDNIPYSHENTATCGNMMVIHQSNKYSWSKPFWLHKQRPLQNWGNPISCHNHWQKVMSWMVMEVWPELFDSIHWQRTAG,1
RNYCFKYQVICKHVSFRFMQWDLGDCPVCRFRTCVRYDFMKFAQFIQSGICWKFFWESSSHVADIAHHIWTMRKTM,1
VYCEVAMDIFYFMNKPYDPMMYHTSQAMPACKPFKPFRHQSGCSWFEQGIDEACPKNLLVNSGLRKCVNDHKIGAQSSEGRIAPVVPQMH,1
ETWQLGVEMPILMDRIYVAIDAYSKTSGHSILQMCNYYPRNPISDPNWCAIKITKGRPNPHVQMQTCWSLIFHPSFSRKNIPFQSMYNRNKADNYPGLLSASEGWCVLEARLVSPRCYEAHMLAMLQQHMECHWQWHNDRFIQEHHVQINLQKGFAAYTMNDGMPM,0
QSTMCFSSCSFIYQLCDVCKCHHQFIVGQVTKPSLLENIRWRIIWKTINREGSFPRTYFWHDPQSPCQYHFQKLHQQCTYEPVDWFAKIDCANPLTMFKPYMEMKHSFGWASVPALHFPSYQMWCIPHNISVWENST,0
YKFTTCCHEPYMDCSDRTSYHSFCAPSFDRSMWVKIWFTFQHKTDIPSLVDNSVTHWITHAIWYYLNAEEKRRHNDYKQPNAWSNLCVPGNEAMICCSAEGYQYRHHVCYR,1
TYPNRFHIQEQLSMQQCPDVEWSEWRASRSYATFFHPNEEGRWGNQVNRWIKFFGDFAMYAHRTICPNFPGRMEARNKMFHIAADIMAQAGGDLNLCPSPEEMQDWAFTAWWEWGREATMTAKQRACVVGYIARLELMFKFMDELH,0
GITHAKMWCMDTLDDHCAHYMGEWWQDEIVEMSDHCAAGWHFVPALKTAAHENSQLQHECVSKFKIYSYVESEGDVRIVDGRNFHRHPDPDCETGMGCTDNQCFLLKPLGMEQTYCLDHHAIAIQQCIWLHPRMQMCCNRTQSITFNGVFGKRLTWNKRQATAPIPSCPVDP,0
PWEWVGWEEHHSSFREPWHNKTCSHVHADMRDPEIEVHMEPKKWDNMYMTQSLELYNKRKHNYQSWDMYWIYIDLPKGRSFPWCGARRQHFYSTMRYSDGPAQCCRVKDERFYYFLSNQMWGLYDRMCGTVEKLCMMMAQAKAEAWLRYEYQFRRSSEKAFKYFESCSVCSASDRMLTETEWAQMHTELTEWVTGH,0
NKVCTAKGCGKDSRNIGDELQRHHILWWCRALGPLNGGANLQREAIDQTCRGFQWKIDVISRRSALWFVDEEMKASKMGTNISFATILVRYPLKPDDACMQLHAHRMGHHALRIWDREGLVSVGWTVPHYNCNNEEVSQTTDGPKKITSSW,0
QYQQQNGYPSKCDLYCLITAGHRVKILEYIAINRPSVATSFYLGNLTCWYGPKNVIVCILKVIWDKPKYNPIRPPTRWDQLTIVNTMKRKNMTGILREVMKKIDVQDTEVRWGRHNSKYFMCSEFHGLQ,1
QYDAKKCSIGPAWRALANMTEHNPFGCHQQLEDQGRIFDDPCANIWKQVLKGAFLPEACETLNCDQRPKCWSMNACSCWLWLSPSVIVPHVGKGVTNDFHLLWELVDDFSYPMPWGPEFWFQENGWLASEKVTRWHVGWNDAFAIHRMVQKFENAPADI,1
VSYYSCTLHLWYKTKKFHMIQCLSSWMGGHSPDKDGTDCNGLMSSVKWCASVDAGWWMIFYKRQEIYTCYSLCMLWQMKHRYTDRQIELCQILVRFPVCPQLERI,1
QKYDRTSEMIDWQKDEEMWSTLTSYGHQMNQFFYRAKDESHQSVSSCLHRKHSDTICYDICWTF,1
TLKGMCNNSNVPRSENTAVSALWSQCGFNEEFHGPEPELYAIHFDRTPRWYQPNKDMLATPQACCHKECWFKPNWKLWLNQISTYEGNVHFLGQGQNNILSYIKPYTWTHAYQTPCQAFHWQQRFFCVKLVEIVYTSVHAAVEYYEGDGPHEAGFPWEGPFPLDPNELDTKAVKYKCWSDSPDLVGGVGGPQHPRNA,0
DVICEVPRCLCNFNACSCSYSGPNLFIGFYGTGTFTTPHGQSDKRVLLDADFHDETDECQFCRMLYAWQQAKTQPPGHCIGDVVGMDSFCRSHSESTCSEHVGVHCWKEQFHIRWMYEVQGSVAIAAWLVNTAILLVKCDCGNWRWNVSCMNFGMLEKNLQFAFSFFVGV,0
LRMWPYDSHNRITAIQLWIWELDESEYYPTSTGDYEIYKAPCLWTPQMLHLAQDPCTDRIGKMCKVWVFVNERMWFGPLQEYNRLMKMCPIIAGPKGRSETKNWYNGNKYFDCILRKLMKQFKECWAANMAQMHCRIYRILWDYQKKGIMINLESYGKFGTTPTQCWDCCHET,0
HYGKYEFWLVRAFFIYRTWPLTFVTEHFIIMKWWKYTSHDWIFGCWPGGCFMMQPIRNDFGCIFTCMEMKGCRFNPTELAMSMKCHW,0
YHKNDSHFHWTSWVWEAEEKICGMEQKCAENFKESCSSMAREVTHVPYYLACTDTNNYLHLVGHTNTVQMCAMCSDYAYIWAFAMKFCPVNQFLYCENMEMKLGRLGAYEQYYIMRWIPVTGRPVMPAVFGAHEKRGTYVEKQDAMANKFRVKPPPLLHFYHY,1
PRGYNWMGACREFRMLTCYLYDWFDIFNQHMIFINRWSQHIHVGWEDTWRGNWGMYYLSVQENYIHKTLDIQHSVMGYQPEYYMVANVHNAEVRDHGRRGIIAPPMEHNPNSGQWSEFKDLTWLNHVWRHNHLYLFVKS,1
LFHFRWLIKMCDPMLRGAQVMIDQCSGAQLGKHCMQFKHQSSHLGTACQEKGTMEKSDEDPWAGDDSLTHPMLHGATNEDGSPKMYPWDNWIQKTGEEWNCTRLDY,1
AAVERLTNYNSFSTRPICILHLEMKEDMDVWQMCCCLRNMTVQTRNSGCCSCIHAEMYHVETMMYMRQTCVSNLSDICAQEEKDF,0
WALNLCSIQRSMNCEDKVWHEGWASMEVFGCNKYNPTFYPPLRRVVCMPMERMVSLNPKPGGMWMLRPIFCSPWKRGIQFTHKSVPVLAVWCEMDKLCHRWLYQEMDTHMVQQG,1
KDTNEYSLHLHVKVTMATEEQKPSADWIVGYGFNKKTWTSNDQTSNCINSISLYREREMGEKKDFRKCDNSFLRQQPSII,1
DATSTCQHWATLGHGFCVTHWHHSNRRMCDWYRSARNHHMYMTDSFCHLFRNLTYYMIRCTGPIMRPVVTPDHNEMQVHFSMDSMLCSTLVNIDYDGCDTKECKQMCCFHEQCNLAWSRQKRHEVINRRT,1
NDHGQFERHDPLCNNWWDGCPKPQWMQSLYSCSQVGHPCRTPHADYVHTNSLSYVRMVGAHNYELCKLYMQDAHEHSLRSGEE,0
ETPCYGAIVEFFRLIHNMPRTVIGMKFHREWPAAQKNVKIQKYCAPLIHNTNSLNMQYPCYHADYNFNDYFASKLLPSYEQTFPDFSWWTVVIVKWLCTPMSYHDSWYSCQYLWMVMKWYLDDIGYAYGCWHMMEYSFHSRFAYKFGDGIGSSDTGGWYRWCIHIPRNR,1
HTFYLWVLCGDWFHHLAMHGGPSPCWWWVGCWGYRGDMIVTWWTEHFSGQYCVVPVTPNDHAFAEAPQRTNHWDVEDNNTGRCIQFDLHMRCFMIPMTRAWSWPEMVVLTPQHLDCWHFDCGQHCMD,1
MVAREELMVRDHHTYSSIDYRALCHQSRHPLKKGNYYQYHIIICQLVVVSYFYFYLT,1
VPTRNLPMDLMGAGFHNNHCAVNHWDLMFCIQIGAAIMVLNYSFSNGFAWLQDGFTVNFKNYKDARLQHEFYSDTPGFSMTFGLALTDCTECFLAAEHQQVCASVSGLCHTDYNCHTWNKQCEWSTCTWIYGNVCWLDNSNIFMLDKNGWSQEVLVNWIAQG,1
KNFCWHHLTQMYGIWWTVNKSVSSEHAYAIILAQQLWSKYSYIHMGRWQRGLQSPMDIDCQYRDARYCVAKDCESAKIGYVSIEDRGAVMDPTVQHHQRNNISKCQSFFYVVFMPDTVQNQVYCHRLRTMCVEKTTTSYIRAWRKFSPSMPGYTFTAFFHSVGCPLYMCIWYTSLFQWE,0
RKDKVEWEKAAYWDLNVQLLVARIDVKSRFPYHSHSPTKNPKFHAEESFEGDITVVNANMPDIDTPLTDPGQLYSVPLGLFGHMSNNYFSGKFSVWN,1
LNQVWGFSQPCCNAWSHHSGVAAQGGENVLDDIAVRYTMPYLPTAYSSDCGMDAMPFVRVRYYYHTIPSLQGYHGTINELGHIDIRAPVRHRDQYEEDFMICSLVHFHGAMPNARADRKQIEYYGAVGQMTKHQTISNNFFQGHTKPKSECPPWNELSWIGEHQPFKDLRYTGDVFPAT,0
DWYNIIRMYASQHGEIWDEPCMSLRLCGQCLTISQLPALNTQFWFRPTAQEKTDPNSEVDTAWETHCNFSIIPQMGSRSPNVVQCCDIMNEKTSTRYHLEQQQQYVRWPNWWYCDLFNHKCLGNGDLKYFDFIIQTMSGMLKRHVARCCLYRLWPMCPAFHPPYGYNIKVM,1
MRKDTTDWKTVRALILCWQIWASRYFDTLFMGEHWHQTTPACVEPAECESEKTYCDRHENATEEKLWWRTHDFSHSKADIVVWHYGMFNAWMRSDMMLCYFIPRCNIWAILPFKLQMQDSYTFHTYMNCWFMWHGMQEIKCMYHEQANWFIMERYNYLSIYIGDI,1
FMETDVINSQSEAARYYDQKWICEAMFCPTTVKGYDIDAYPFSSNPEKSAFFWKIWVRERPVYFVIAWTCWSVCGHGGKIKNVGEHVYFVLIARDRQAIHKVNIIGDCQIGEFPKPKSNCWSPFGTTTDPNGPQHFQVEAHYPEPEDIYITREGGLEKSHQGAVNRARRSADNHFAARIMQPWNWEE,1
GFMKDKNDYTNVELVIKWPGHGMTWNPVHFSEAEDEANPCKHPCAVHVWINMKEHTMCVNKMFHAFGPMIYCRLICRGFDMMSDKDWMQCHLLYAGQCGADEPDRPMETFILHTHWKCYWGLPCLLFECHVTMVINAYNGDFQNPPTRGNCEYNDTGTTMHCWCPSTMKKQPMNDAIWPH,1
GDGDPPPAIFYTKPPFQMQHTELLRYNKDRNRARMFHNYGDLEPWFVASSSWSAYYLCQIGDSTNWYDPSMYSYC,1
ETAAFNGGTPINRWYTKVCMYTVRHSAVIHCNSKYMRDPPCGGNEFIGDIWMVLYNYIWSVKEKCKKVMPGKSECHRGMYTEWHMPDQCVFPPQNPVPELFVIQCISHDEHEKTTYQ,0
PEPTRVMEYMLPIPKAAREYANMWRLADQRALARDYNWSIQVACNTCTHGGIFRHDLDQDAAWECMNPSSWYYKSHPEPICHMTQPRKDPPKVFM,1
YEVYIWNMSFDNRSPHRDNINVDNCQQETRSFTHRTNMWMCRFVSELCRESHNDTKIGRLGRQWPQDEQQILKQIMLVEENVIDVHAPDDRWEPPRWSHDYCVM,1
STSLTDVWQCNMTGWPHMHPPAWWRQDYEHAWDYRPQHAPENHCTAQADM,1
DAWCFTWFQLHIIHPQWMCTGKWFKHEVVYTESFKCCEYYTYWDFLGDTLNAVWYERKGNVRWKPSPAVDTFGTTAHSFSEMQPIYRVHWKMLQSIANDCSECNTYLYIVVVCNLIWLMQRLEHMDFCNFHEMKEKNSAIAYWEQQKKTRLTKE,0
DNAAPQSHLRIMQPPKTVWPNYYIMHALREAMFWWECHPYNCKSIVEMTIWIGCRAGWEPRKDCSVVGVMHQVHLIQVFQLRGKLTAQECDHQNWVRADRERLGPHAMQGFWWPHIQWWNKQGRPHMLAHVDKFPSSNVMTHRGGVWYWCDQETGWKEH,0
MCLGIRPCYARHVLRFMIIGRRFPQMYNYADINRDIWYGVMNCFEKPPRCPHTIVRRFCSFGNFYIMQTLCDPTDLIEPHHSFTL,1
QFCQVMSVSEAQNLWEYDERMSEGIPYEFLFNALFWWYNSFTQNPQFFVQVYAHTDLHNRSIGEMTCGEDHHSCIRSALHSLNTPNRQWWQVFYGVQEAPMDTVLSPYNEINWRSNYVNSYMYQCPQGNHEHPMIWCVLGEWQQVTVVFKAEHMQLWIDIVFYMKWNFSPGSVTNAHQVAY,0
RMERSRTMVSRMPVIKMTAMHIWEEWKTVAQELQHNSFMEPIHMMTQCYICRFGTIWFWQLPFHLMDPCEDREERGFNHDHNRWGIGDFKSSKVPMLLGSNEFCWAENCNSCTCEGHRYNFQSMNWTHKQYNRNPKHALGRRKPAKDKYRHEYTE,1
WFSDMRWQSGFTSCMEGHTIARYNRRKSCRRHPTMLAQFIAHCHHKEHYVPMKQIQTQFLGLMGLQYDHCHTPKPRPTIKKISYHTHGFTIASTDPISHRCCLFERPTAVRQKNFCHKVECANPQFDETWMINVVKFTP,0
QRQEVANKLVTWESHKIHLITNQNCNQHPEATDTIDLCEQMQPECCMFKYTNVDFYQSWKTHLELDKPARRMLHAHFSICIQERHYIMCKGADLFNAKPWHSIWHELATPWPKFACMEKFFICHTMRDPVYYDCF,1
ISVSAICFRQDHEMNRGAVQHLKCIAYCHSETEDKRYDNRYINPRMTNYVSDKHWFWLYNIDWMIPLVNHMLDHEIIGPNDGWMERCRTCHSFSWCRECLFVEAVYGYYQLVKNLWGQIQMSYGRRQNCIWQFKPKQFCHSMMNPISAPMEERDWCGI,0
FCNFLKYIAGMDRMFSHGKHDMNMCACQPFCWTMSYVYICTMQSRRDHNDWLISSNFYGGITNQCWGVEFGRGIKGCSYASAAHSTSSGVDIEETFQRNPVQWHGFEVQSYQFMNVEPYPEHCVGSDRYLKMQNHMTKPSDFTAKTPRIICLFSWAPEHACSQFQTNYNDCRMLVCHHHQCCRMLDTKRQWTYT,0
YIHNANGSVWDDFDWFQSATMKECKFEFVPFWDVGGFAIAGYQMCEPHGDKQYMFQWIHHDDVPAFESRVTQQWGPVRHWTKMFCRNLLYMLHQPFWLIVAFMYMSLRHRSGMTRSCEWGVMKDCVRVWRTVVMVDPQEVFQNHNIDADMVHKELVSNWDIWKWTPCEMCEEYAMCWIYESRFFRTDVMGNTQ,0
LSVYGWDNSDSEYPEEHNCSHWMAKFTATNPMPPGGYLWDHFIFNEWVDHIRTWESPNENTKNRYCKQEEGFTPYTWATDQNRGYCEPPTGMWSIALCWQDKIMRGCADVQTCWKILKIHGCKKWKCWSQYAPCQARVKIHKKMEHHENTY,0
DKFYSISWSVRVQSFISAMMCWFDIEPQAFHGRRICQSLRENLCEYGQDRAWAPIVDVYKGYCEVHMFIMYYRDHIMLYK,0
YFREFRTIWKLFLAEFHFYITAVNDYQSVLRLAWCPSIDWQMNMMVLSIGWPRPACPCMPLRAQLVMHRDCIIMSCFHYPCDKLPPFHTRFHCVLA,0
QWSWGNDHDTRWWMYCHWHLNVGYIFDCGHIENNTWKNTLWMYPERNLHCHIWGIYEYKFGWNFFVGKMQCQWLFEHPLLESRMWDRSQFTVWAKQYYMCYFRNQMKYINDRIHTNYVVRDWRSTAMGKYSGNWPPEKQQTFWCPMCADNHAKVYGKIVRAQVWWLYGTQPI,0
LKFEGGPEIFCKMYYMHQGEGDGDAVEGTVGCNNESYLLHQHNMTMDWEIQYQSRNSYWFNFLTRIIILYPSKSLDQPEEGWMIQIQHVNQRVNLNIGWAPSVNFPIGDYENPCWEPWIISMVEAAQEMVSTCEDRCWKLWFQLSGICVYIFTSFTEAGAECPQTMD,0
MLIFCRSESNQNSSNCQMKHNTKGNYLKNACWASSVVPNKFKPSLSQCWMWMQRHRIEVQVECGMARNVFMWATISMWMRIQALHVNCVHYNYQLKRYLWWNNKYEASAPDNKECKYPQDVKRLTPAMFKHHCWYVLFSFRSEQTTSKCMRDSWGQFFGVVWCTAKPEFVLEPPTIEDMNKRPFFWM,1
PNKLPYYPKLWGHRWQSQYCKDGFQRVTKWKSGIDFHAESQAELMHEAATLFHICKENMFNEPAVEEIYGEEMKQE,1
GPDHAMCFQPSRDGKDPPHFIIHWHELPEWLHFDCMLPHLEYSYGKPHVQFPIRWKGQLKTPTWPKAAFIVEARYEKYLRDCFAMNDSQNYSITTHRKEILRVQFKPWMNDCRFHEFSRSEGVDFCSGRVGPPASETVSAGMGTEQQYICFELYDSLREARLYVSKWTLWIWFCRTLCKCVNRYGVPENK,1
SAERYAYRDPVPLYHIAVNVNYKCQERTWGKTRFVECWFEFWPSNKSQAYE,1
WQNEHTAQRNNGPSQHSKQHNDQWMFPLHTSITPMYVFGYQNEHMYCEHARYIFQVDCSQSMTDFDRFDGQCVGFQTMALKYNAVNCAAANHEYERAGQQLHNWKDEPLQGIWLFFFKKRKQ,1
YICFTLQVACEPSFLTMFREHLEYFFMWFIHIPFVKCSQTGDTPGIGSGTDNGHMKSFREFHDERCFHTIKLMARIWNGLFHHKRGSHRCINMGYPSITPEYLYSTIMFSI,1
EGIKPTKPKGLFHMKLMDITHNSRPVVFQMDTNDCEVYQICWLFMKSFRQKYFRKEEYHRTVHWLPCYMFGDADDEHRMVNEMGWVRDTACWKINRHSHYNTMEWCCTKALRRCQEVKCCVTKICCFNSQYCIEYKYWCSMINDP,0
PIRKMDHQRKYMHNWVPMAGCPPWKWAIQSEVQKRDEVQRILNKITKPQFKSWHNCVVSMCQEHCQHKIKHWTPMVTSLEEMI,0
LKDCKPGEQMCDFHMNMWPEQNCIWPAFMMPCWSFQWFKNSWRTRDTPKPSWQIWDVSQSTYMPMEQFEAQHLCLDILIQVKKEDQQSFYRKHPINESGFAQKVGRSIWFQHEAEQSHLLENGPAISFH,0
DCCYLYKVGYGLKKDNMQWLWFKAREHGRGHYDPCDPKWVFLQTDHKFEDPKHILAYAWCNPQFDTAQGTEGAKEKKPTDGYRQPKRQEMCSWSHMNESSHPFAFQMCVRQPCWITRYQDTDPVAHFCTLEKMNNVEKI,1
PCWQFLTYSTARTMFEKSNVDRVNPAEIWFMTTCAEKCDGPRMLDYKLNITFIVMLRGWTLFSNFACFWRAMVDKEPKDSIHTSVSRCYEFHRTLYKSDK,0
HTFHPVQVDTWHERISASCCINMGWVFRIGNWNNKLTVSEVDSQKGECLMHFEGCCSPHFTPRDERVDHIMK,0
AQDRLLDGFWQTNKDVEQGRTFGFWQEFMCCYNSTEQHRSICWAEMLVATSNSKTDVRRSYAAEPEIPIQAKAHYPRKSTKGYNSRHLEDVAPVIMLEEENIPIDNVRQKFRIDNFKY,0
IPIFHFKFINEKQWPDEAAMSEHNGYKIQRFRGAYKECGCDHYTKKWFGVATQRFTMLTAFSHNIVAYNENAADNPPKVAGFEGDTMEYAEDLAEWASWYVCGAWFCASCEDTRLNNYHLFYYMCSNSECLPWRAT,0
YKGDCVWHDVYYWKSGNGPFPYHNEFSEISITQNDYCPMNVKHGQVQFYPANWLFYGNDQETTQRHETGMNRNMTINKMDHDSLHYRLNVKKEFHHMLMVNSETTFPDTMAVTKYHFSHPPRTTWLCQDHMTRWMRRGRKFWFPVYTRQ,1
ETYQVGIKAPDGTIGSALVQFTQVEYCHHHPWGYTVAPWSLPLQKMDINDHQHHQNAFMAPTDLWHYDNLNRGWFYCWWEYFHEMDFYRVSSLAMTRHGRRHDQKDGYKAKNESFTTGRAPSCWCNNIN,0
MCAEKHLYQAFPGTRHICVHYSWKNQHCTMVNDQRWLKLYEWLTNAMPAASHLSAKGRERLSPWYEYSMRMMD,0
TFPLFNINSCDVTCNTGTCIQGKAFHKQKEYREDQKWGDVSDCCLRDIVMHWHCGFQVEEPAYFDWPHLDCHK,1
NLWPLFRDIGWTLAPLNCLAAYRAKHSSPLVKNPMRLLKDSNTRDFPGKWHPFSEFYWGEATKSCMFPYTRNGYPVRRIWQHQFRREATYASPVLVTKQPYYQMPTDAFPFFNCSTFNRGPMTKSTYVPMPPNQPKQAKENQKDGDADQYCNLPYEWAMSWWNDVT,1
SQWGDGNYMHASSTRKFYIAHMYPPHMVANDAEGFMYPMGWRPLAPGYNTVIQF,1
CMDSSKPLTTLIHQVWVQLAKVPTSMKHAKLSVQMEWPAWRYRMFLVHADATRFSNWQDWAALDPGMGDSKIDFQFWFYYCHAVLGHNVMWEWPWCKIQKPVGDLLLKNIKTIVYTGLAAKYDGHKFSCDDYLDR,0
ELMMIKINTRWYGFIVRDQRPYKTWEYLDWKFQHGICQHDYGQNVNHFNKMEQNVHAPSFWKKNVLTWMSIRMHCWKVPAWPQTYAFYQVPNREK,0
MRSHHKTPKKYNWRVIGGDDCFYNGSFGEQDTFGYEPIMWFFDCDRHDRMSPCYNHAQLDMYRGVPRDRALVINFAIFTREPTPCECNWVLFMADTRQRSEWIGSDIFFNAHMLDI,0
YMHSHPLTDHMPFWRAFPLFALVIYDWWCTSLSFYDDCEVCGDDCDTQHGIWWNFFQ,1
TSEIDFHVIMQVPGPAMHLCSFSSRKAKMFGIRSVNESMHRTRLETEMENLQVGFCPQDMEPIIPLPPTGCTNGFFKDYFHNHLITFRKMPVTKLFMRCYQFGRELWKLEEGISISGTAWVTTNNGHIDTIMYVSPKWHT,0
DSNREHMFPMFITMWVLFATTAAKEKQRSSPQKKELDKWSSTVLWRRMISLKRFYCSVSFAWLPMRCGMRKNEQDTPINNNCLKAEQSVCGDYWPTQMSMVCIQCPLIHPWRCFWAHVAAHTGYNYRPNCVELMGGKYPFGEGVPDLERNRLN,1
IDHVDRCRPYLISSCKIMAMVRKKAHNLWSGMWWVRSQIICGPPNCYNTGHGEKFLRIEFHGPWLRDVQDMLTPCPWFSLNYPSAKSWRVNQDEGSPNNCPDPCWKYAPCRWSMRGQGWFMEKKTIRKFEYVKDKKEHHIAKNGPFWAVIIRWLSMNSSYDKILPVPPRPSIWLNQGKHGAQGNTFMFNDKGCCNICKS,1
QYEEMVFCRMTSRDYRWPSNTSKGWPINKEPCDFVQCRISDYYFENWRPFNWCHFYMVVHLYQYYMCPPKTRSLYNFYTLGYGNWCPYMRPDQIKR,1
MFRRHVNNEMGLRATDMVLKHMICFKATLIVLKECWLTDWWWWRVTLQWVMMNISIQVETPFDKYVYWWSAFRNAQVVGATVRNPYCEDWINNLAFYMKQDFKVGHSILFMPYCQKLLLWM,0
DWANRQDYPVSGLTTIERAHLHATNTRSQDWNWVQYKDNYTFIWERWRQSLQYMCWDEMP,1
VWNAGDTDADEGHIPEGMAICIYKETHLFLNYGADHMNKAECCTCEMWPVWRNMASPGGLCDGSGPERGAKNMPAWEFTFWDMCQGWAHCWAKTLGDYR,1
YGDLNASTLNWIILLVLHEAMWFICCQKLPAQCEWAEMPVLFAQSVDDEHPKDTRLRALHHDHKIDFPPI,0
HLLMNPITQTWSKYLKADMHVPVSSLKIWDKCWIVIFGLREDKSSRKTNIQVNQYFAPQCSFANWLNWSTPHDFERTNQETMGEPYRVTWLFNREIYTGSFQCTGMCAFIEWFFSVMTDVEWKFESLKSYTVRYKGGMYDNRHVRIKRSYDFDCCEDKNKWNS,1
ALLEMMMGRCDFMNDKDCGGTIAIRVPIYVPQRGAHARGFNDYQGERTFGLKEKIDYAYFDEWRWSIQFAWFDTH,1
PQNMADNKCQFDNNHADMPLWEFMKPTRPMAIFSEWVCPSIWDWTKTAERNTNSPMRSGMRFDCARCYGNSQEINQYPFNLWPKMFPLVRYNEFIFAVWWLKAYDPGGVFTDFDPRTRFQMQHDYLMGFYPNWWFYKERDHYYQQKDKETGSVPHDGDNFTL,0
HMIIFFHECWCSNRLGPGCQVGWQPIFPGWMSFNTCLRWYTWWPPSDEHDKIVQYFDLMTIKIYCESKKFDQRGSL,0
KWNPPTCYKIHFWDPGMEDEDPRNRMMPNGYWWDSKQDDYHWDANGHCVRRLTVVRGKMRDWATMVMHANEIRMINDENILAPHYDSNFVINDSLTLDCQKTERPWKEIRQDTIQPRMRNKRANGAWPGTPKIRVCCMAVHTSHHCFQINHGPNTSAHDGDDIQKFRTLIVGTERLPAKFMEYSVICTL,1
RKIGEVDEPYMIQQSQACYAMGRNFNQQWFDVGKHVCYLNCPIHDIARANMSECDEVNADEG,1
IVSGWIEKIWAELIDNKDEGKCCVDDVGARMLEQCPSNFWDYCTMAWIMITYGHPHMLILMYTMSFLYFYKDDLHCINKMWYTPAAIPGDSLHDQSEP,0
AFVNMKHQDSHAGGLNWGQDLKYWRKWIEFWQVWGFMFIFMPGFVLSQRDDNRMLYRVQGQSCWFMMWVINKDGAT,1
CEALFFKQPPATYIDTNVQMSEVHMSSDKIHTMEEFILTGKLIRVFVACLGWMVSIEMLSNDMSDLSHRRLDGVFSPDRYGERVKYESVFPGWNRKHQWYSENVITDELSYCNSLFNDNACMNHAPPCLAHPCYHTFMMMTWIYQLHCTAPWQVYQRQFSFPS,1
FGPSLCPTAEVGNYPCTLWFNVKMELACKVSQECNYFERDTINIYYFGFIVEEFRGSQQSEMWWILFSDLPHNQLKNDPGGWHEFAVTKKLYTPEVVKDHRKKEVTGHLLGGWIKASGIRNLSRMHIM,1
HRRSDSRAQMDKGSMVTTDWRLITEICIHKVTANETHDAWCGMEAMSGMIYAQCGKQIDLVYKKWPATEESSRGFLHHLLRGCIYRVFELWQPLGPMRCRWTYVGRTKNFQITKDHNDKQVMEIVPELINWNCIPADCYIDRCTGAEWHQQLHS,1
TDSCHSKNAQMVFRHQYIEDNVRMMNWTGIRYLRNMVFNFLQSFMWIWYVNPVRRNKWNFYLHMIHSSQRYKSSFDPITFGCQEDKVNKVPQLDHVSTGNWDDVMGWFPFDWTDRTPQSMTFRVSQQP,0
GMMSDTQCKIMHCEQPPPFNGQIIHTMLPLQKHHVSISWRRGKRHIVSRDAPNKCKIFPCLGHDQSGIAYRTVDGTPTSTASGIACRFYRLFDGRVQLEMYHRKRNVGVVGRWFETLNFHNCYTPFFYNNHGLWSCEKFAMWDAEK,1
HFPMQTNWFICTCDYVRFTQAQKFEADYMSMLNFLPWHSGLLMLQRHPMHMQTSAKKLWRSMTWPGRSEIHTSCTEQIFFFFDGAIPYGVVSITIRL,1
AKTYAKQFGFESSLQPEQKDLRWCCKEFCHWGSQNGPRQIYMKNGWDARRFMALYMHTNENDVNWPSIGLLGIVTLCNYLKSHKGLHVMAWFGHESLRPIPHTEHSCQQIGHHCEPLKRNLWFHYMSPESPAERSETMFPNDELKLPANMIQQYTWYTGQVTGFPSKNLPWSTSQS,0
RNFMFMCWTWNYFNSACLCLVAFNTWVPDLQILCPFMALPELNQDCWMHVQHHKNGHESHIIYDKWPHYRWCNIIPALKCWQLLIQPGPDYPWSEDRRVHYFILAMDDRTVIPLDYQPDPYKSINNWTRVHPWSMFCASFHKEWYRHVFPDGNVVEYQQAMKVFLRLSE,1
GMPWMCDRPLFMQYRPDKIRACKTKAIFMGTVVFFWPHQIDELEVNYYRPNIKYKTAGHKLESNKDKTQFAADKGKEYW,1
QLSGYQVKHVLCPGKYILSRPVGYKVHFMPDAEWVGLHNIPVQMLGPLNAVPEG,1
FVFHKDNYQINHKNEFKHQYTARRARCETSVSIGYCWPGGPAKNNEWSNAEKHLPIYLLIYRARTPNDWFDFKGSLSDVMWRMLKDKVNSEAPIGIWNAEPTWWFMHDMTMRWISRDGDFAQNPQNPGRSKIFRHTSMHMCCGDAYSQTVEDIERPQQFFPEVGFDYDDYCYVLHYQLYSGTGVLLKRMHVCCPM,1
YATYVIPEWDGGGITLFWMLDLCKFTGMFHHELVAQGMQYDSSHIENNLNMMRGMCKMSPPVAYLWTA,0
TRCMCYKWCSYKYEPRYCYVKYADTMINMPRYTNWYMLTPSYYTFKEKSHQQHSVGHWIATWHVGGALIHKAMDVGMFYEILDPTFIWVAEVQMKPTRCGHCPLSKIRHWEKWCHWGRHGAQAGVTCICSECFTCQYHRVPNCNGA,0
ARSHQWWPNANERSRIWRVMKAKNCMQCRVQNLQRFCGNCEHSAAQMNMGNNLIYWHQEAIFIIHWEYGNVNVDLHDWPELGAGIRIGWQCHILPYAKLYCY,1
FVHDSRIYFDFKSQVHRIDMYVRLDRGMMWDPIMMPDGLWNQMLDPVPQQHNESWLSFSAFPPDTWFFRLNMADEWYDVDHAWVCNTDNNGLGQCMRIPWLKVHDNRPGIQDSVTVLTSCYEMHTWGLEAHSTFLHPHRTDFLFHHQRFFEYKNSIKNYHEDAHKCHLCPDPLNDYGDCQRVWLYTTW,0
EMTLTNLLGTWCEVEGQHNCVPPFHNQALKLHSNNWPVDHADQEWGYKMRKMLCQECFQRWGRQIYNEGMHER,0
KYINHVAKHQAPYRFFQQQFMWFERHFRQDFNYQFESHDEYGDADISHVK,0
VSAYSNGKPNPVWWWGSHHWSTWSSWRDRSYFWLPRNTRERTMRYHPPYYCLVYFYWCESSTRPAFYANREWSVTMYPKTTFIDGDINECLRPRWVPYYASIGDYSCCRLAYRASVFFLNLCASVHELLMDQPWLRITGHQINVQAETVWEGIRYAFSGLLFIAFAHRQKIIDYETGCKQ,1
TMGAWSVMKGCISIIQAHCRVEVFSPKFIVDGMQWHLRGYGSKWVFSHWFYMVHVDFPSNHPARNTYFTRYWAEDIKNFKAMHYQDMTVWVGRHFFHNIVVTMRYGNHIEDDLR,1
WIVFHFWTWEHGQWYMHDYTMRHRTMNPMMKMECEQFTNGNRWLCNNHAVDYFYRLWAHVCWLRLLNIQCTGIADRTHQDVFYRGDVYDIWVRQSDRWICTNWMVPQNRICI,0
FCLLEEIGRVIYHYTWCNWFNTFCEGKLMCKYTKIFFGSAKHMRFWGQYQMELCEYLAQVNWNFEPVNSGHK,0
FEMWHPPVKPPFNAVTLKYIRPTKMEHYDLDAQPFINGCEFMPIFGRSMHGNEQMNCMPMKSFNDSWTMWVKPGDNKKRAVRIMTQWFCRWSPHTWHNPPQRCGKRYSCDYIIHMPIKSFQAW,0
QPIDAWRIKPNKYMFWVMMGAKHGLFARFYGFTVECIFEQEIDQVNRYYKCARRIDCEVNVLIVTWGQFIIVKQQYQTCQNSGVHCPINAKIKFPQETKYRYECPEVSLCQCVAPGTTMGYDQGTDTWVFRDIHVLLWACAKRVVHQVYWFKVPFYRWYMKS,0
CIFMMKMFKALIWSPFVKEQHNHMRHYTFILGCFLDPSRCDYVYYRFMDKHCRNSSSWDYEAIRFYNYYERGFMQMKLGMKFLYQGELMSHVHRWVRVDAAHLNITQTGYTYIPSNTVIVMPNR,0
DDGDKMIEYRFHIHIEAFMECTNCKGGVDRHPLESKLWTAPERLYKIYGLYTFQTMETCAVHGGQNQQNKKCVFNQPDRRDYWRWIPLCMWKKGLIRGHYTEIPQVTVQMLPYSQDVGYDWDNIFTLTKPLIHCCEKQM,0
HWECWVHMLMKDFAAYFWGDPTDDPCDYSNKSEYVAHYNIIKQYFYCLKHVNMLPKSTFGLMCHQEFWYLGCDRLTHCHRDFIEVWIGFFTGPKNLAMGDGKIRGMLMEPIYRHAKICQNTWGFGDSVQREMFKFHVVYCPPTT,0
QNFFEPEVSVCEYTYGVYHPKCIQVAKKCSEPTMCENCAGSCQYNWDWMETTHFWWKTKQFCR,1
WANWYRFAMKHCTSSQCWDIWSEIAEHAVEYQIVHDQNRIFTLMSSEFLQKVYGMTKDSYERCYTWYSWTEVEDVYFKRKQCVPSGSELWMFVDIMW,1
DNRSFWGNWKVDQFFESPISCIDKMYAAISLCSEWKDMIHAITMHKQFVPFIREAGWNHPHKAPWAYWVFDCLGWTWPTVMYYPMYWLDGHYFKLQMTMHMPWGCQSHACKVYVVLIICVMMWMLIRIWAYDNSSTSK,1
AVGGNDMGQVSPAGQTPPKGGFQQECCTLQWTMHKQEQYYTWTQPQSRWMNMFIGSNGPHINCKPTPSAHPQTSRTCNDKGGHIDRGMDSGMILLDQWKP,1
NQFGPPGQMPNSGKTYSNVKDLMCIYMVYHQHANADCDEQVFRSIIHGHWAPHALPEHGGMKHKGWQASKRWLSDWPQHCQTPCFEDQMIKSDLAKSKNASIQQLAGKWSWMMQHNYYFAMRLRPRCPNENRPCYSQCTSEMPGTAKVMQCYMC,0
PGHYDEYDAWPQSETLHPPQGSKYSNSFMALMRDRMKCNYSSASGQMAYTWCQIGKFFVQNNGERRTDLIKDAMPNHCAYDETVTWETCLNPMIYFCNCGWNPTNDISEPIADARVYDRFLHIDVTSPEDMCVETGLMFVLKSLLEQIASTLGHVCKFIFRIFFYTKCAMRAHWRGYLNPR,1
TPCVMFECSHIICRFWLKYIFWPQISFAWWTLFHSDNQYAHVESMVSHDFVTASRPHDPSAASCVVFFIKQPVEVYRHPCKFAWYWPGLMSAWFGGFGPAAQIKLGKVRECGTHYRCNLTVSLIPSINTSKWTINKGLKEMGVENKRKGMHQSRYKWNMIDWDD,0
YQCNSDSLYFPNAYMWRVSHLSTHMTFADSRENATRYYLMVCGSHWNVLHETTEFAWMAIERTVDVHTVYIMDHRLNNWWRFPKLIKGVLRPMCIVDDHVKVAEETCRPKHNNQRAKSKSCLVPCPDRDLGQKVIGRQRYGNLWIFLMYQQCTRDDDDVGQDALPKCLNWDWARPHCYMSQRYWHKEG,1
LDAGFRMYPGFCTNNQHQHKQTTPVWTGNGDRDRADFQEKVLIPCYYHMFVILCDFSLMWSNCMAFQVHFIRFPWCFFGSCFRAWDWRDIRAGTSPADGYDRRMGGKQMGVYRKMCGQQPFKMHCNFCQHFELSGGKASTPGCIEKHAQCIMFVNYWFHCTPMFPPIMILMAHIGQYHDCVDQVPIERNQYHNKLIYCSV,1
LGGYPWTCVHQRIKMDYQIDVQYITIFNCTPQKKKYGNLFVHPAGIKHLICVRGQVDAAQAAENRELMGLNDRSLMSTQSQGLTLLQYTKRHCEYVMFIYF,0
FDNWHWEQWVHRANWGPGPRSIPPYYNWTDRTGWNENCHSNSQAKHFLLVHVPMLKRQDQSDICCVHTGLHEMSTGYWYVRCWGNAMWEWGIKLLLEVNMSWMENTPEGHICKLWASVILMTHDHGDIAFWPMMCKCWNKKLFKVLTLQELVFKGSSMRWDSYFKFEPYTYNYYHASHC,0
MIADIIMFIKTFWWCWRIIAQMHVRLEAQYYKPTYEFVTHLKPVNIVFHRDVGGYATMCKW,1
HEDCLLTSANYYLASMEDPRLGMAYELRARDAGWENCTGNRTAQCEYCQVIYASHGWLGLWDYDYGTVLGPGNQ,1
IFEGMFQLMDIFYLIKRAFREWLCFVGLRKPVHCSCECTGLQRNWMAIGNYSVNYCHKVKIAFSQPMYPRSPIVWRLEGIHNVVWEAFHMMLHSAANS,1
QVKCNLCREWEKPLQDDYSKQSKFPREQYYHETKEDWKIHHEWNYGNYECRGVFEMMKDMCKLMDTMTWECQRDYPPVYHSSGGEDADWKQWWPSISKKDHYVCANSNLKVEIESIHPIHFVWLMIGMSECPHTPLPLHLSDEEESKGLENLNWWAEPIQSCIPANTHSQLDNISATGARPG,1
PEALEPESKEYIEKMFKIEYAYPFYLSINDETYPGDQHDGPQRSARHKRQWVKANLHQARAPYCDESNENHYDFNNYHNCQSHEYFQKFCFDLILCQENYQSFSEDAEKASDGPTRNISDEHRMSQPKVDYFCT,1
YPYMIFCEDCDSYKGRFKGDPRMSRGQMYLSNHHVRGWIYREVPAIWTLAAFAYPKSIQTEHTSQSCRMPEARNKHDSEQPYWCLWRHRTSTSVTECTTCCRSMCINQQNCQNKIYSLHRKEGNRWCWYYCRNAQEMHPQHMYYMKECCKWRVSCNACQHT,0
TKPCRYMWQEMSCCKEIVRCMTHILDPTPWKSFKKGLVMRHQIWRWVTDDHLTRITDEIPAVMGSWTVMQNYHTFQPNQKEWAPGATDTCHAREGPPYACGMVPNYHYHHCMAPNPHNTIDHWYIQQCGSKRWRNKSGYRPLQDNASLKVALHLNMKFEYPISATRRVGCFWHKCHQRNYEPKNLKHNSRHI,0
VWHPKVHYSFHGCHKPTTRVRMNTNHHLSMSCCVFQIGKGTIDNPVMCQARVV,0
SEGSYGRAHMAIQFPRKIWTWVVECFTHSANWKSHRNEGGRDCFIWSWSGAVIFNVFPNSQMKLSWLEI,0
EFVDHNDTDMGMETANDSDQTWHMSWFALVLAPENSWNGSNLFWNIEHFMTDCWC,0
ASRVCMTPNCVLNTQWPDIFNASNTKPEERLGDRGMCCAMFGDYFYKWFNNSHQKRMEMKGTKGGEYMDVSSNQKHQYYLMHWWMGIAIFLCECRYLCGQFCQPCKDRDNGWTGWTSIWIYRIDSDA,0
KNVTIYMHQLRNYTIQRMNYSYVLWVAEHAITIFAREHQNDYVICGHHPAIPYWTPSRMNDKQHMLDWCTCSTLEMTNLSEDKGNAQLVPKWEDGKLKTLGSTMYHELQTQYPCKDENRYIVFCKQAYETLCGWKWWKDGGTPPHKVAYPIKA,1
YMYESQYVKADYADQQPARYHSYARYRWGGASVPNVLQYMVNTDAAGWEPNIYHHHQVWYWVGSDCRYMWVMDEGNEN,0
CNPSEIFQRMLLGSEKLFLSMGHNPTKISDFPVSQMVINWYCKKQRMPFGFAVITMMDIIDLWQVDYQMLQASGVSWSFNGCSMNMYWIVFNLRFTENVIYTIPDDHVHCHCHQRSI,1
HMEVPTNVLHNNPAHSSSSQMWMCHKKQLSVACYECEGEVFMPDWYMMCRICIYRSPTQQAADRF,1
QYHRMQGLHLQFAWIWTWSEIEPHAKEQKDRFAMWFTWTFYKGPMATGDSPNM,1
CWIPQRTRLANKFRDWHHHCCNFEHSDCTKYINHQSALMHVWQTWPDCKHQFYRYAYHFEMWGYVFYRYGETRVGYWNKIRACDWLQWMGWQICVEDCEVMKIIFPHFPYSQFWEMCPSKSHSPFRHVYCILLMIS,1
TGVTNRHQETMGLRGSNWSQGKAIHQIMKWHGVFWMFKIMGRGMRNKLRTSITMMGCAYGFKFVWRRKQFTRYTKPPFQHFNDKLAQALMYCCMIDKSSLGYYYMIYAGIQDCAMGIHGVNIWFWKNRPPFCWIQGHQGSEHSEHCILCGEAGNQRVTKRVVFSKDNQAKKYPI,1
QSMWLIMIYLTMNLYTDHDTIWQFWPVMNINAVCNWHHAVILARRELIQPTHGKYYIQYDPKKMGNEETHGYIHIKADVWMSVGCEFQAQPSEGKATEGSHFKWAIYETACQCAPIKYCTGDYTGIQLYLRIMSDRPMQHWRGYHQEKHRDFTAASQMQIWCLFRACWTRVIQIIWPFLHKQGLAMIG,1
EGRLTLFWHWLWMDMGGRDMIISDIIPALFFTQGQNYAFVQHRKRSKHHTMGQRIEAGAFWFFTNH,1
WPNWPGAGPPPYEFPKTDYVRAKGVAHLGHGICKKHKTDSSCMSRATDWYHMVQSGCMMLETLKPMLFDEDLPFPAMDTWPSVYWGHRFSGDNEDSSWRKYCGQKLVREFGRYCSFEAILRCWNLNYK,1
HEWIPDFYICLSEQDLPFTTMWVTMRINTFEMISSDNPAEGFFLWVCSRFKFFKKCHAYCNGYWSEVFVGQYTVLWVEYRGGD,0
WIPWFREEVWYKRNEDFTFEHHHTRHRYECPNLWRTGFPQQRSLAMHTEHDYQVVAGKCIYELAMKWMEFTVFVTDMTIICHYGYVHVNHHALLNDDPPGDRKGGIMWSKMSGTS,0
VAVILCKEMLQHWGSWWPNRIEYISSCTFFNHFETGQKEMYSSSGRDKAMGFVNHCHKYIKLNCLDATAFQGKQEAGHGAINMCCCIHSKSCDCWTYNMYWGLQARGPQPSAQPLLEQNGRFLKLNEEPQNPYPCWKLTLYPYACTPTPTWQYLCQTFVDSWVYFIGRDKMYQKLRVWHWFVANGPTKANAEHYFYF,1
TNRDTQRRRWMVLKDAMSDKMTAKDLFMFNQNWKHSHQIVDCFIWKCRILHWACDQRQIVTHYAKKMWGHRYGKRGHTGKDQGESSKE,1
IIGIGQQVPRDGYTYSGIPPYTDPHYFMVEYHELATFTDKDDKFLRNGHHEPRVVHLSIWMGLWQYGEYRFSHCPCKYFDCQIYNTSGGVCIQCTSVGTVQLEVMSEWGIV,0
VSHTDRESQTKHQNTKNNILNFYAKRCEEDSIHNNERGDHGAIASDCGIHHWVDMMDALCTKVYKMTQVVNVIIIYRIQPITWGTEHTVGLVHQQLKLCD,1
LMLNQKPGMARHMTFKSMTGRDKNWVSIWFNGNRLTHHMCCQVSMKHESQMIMYTWLNACVHSPELKVKLIMPPSPNRSIGICVMTLCWYYYCGTNF,0
CYQRCVNHSWDRRHIHDWWVHWFPCVEEIMAKGEGPKQNEITFDEISMCIHACPMDCSAHDSGQMWAPYKMAPYADYTFGTLMPLQPEYT,1
MLVWKFAFDAWGLFNNTCQNPFFTFWEHTMGPNFLMKPDTVFSSMEKRNSEDECWHCAVIILVMAHIQWIWELLEIHRILHWDKSQHNASDAGCHIPSLEPTIIHARRWEGLNEGQPDRDFPRTGVDKIYMMIACYECCPYGERDETGCYPRFWGTACAIEVKRSDAPQGFFENQQMLLKCQHTYIYEFPHGTGW,1
KRIRAIELSVEIELYESNLMCSWNETNSDCHGARNPIKAFHVILINSNDVFQYSGSYQYFQMKYHFRPNRWWLTSFELGMMSQWEFWTVIEVMQPSNKHLTVHDRSTPDYYFKVMMSICLGEFMNSYQQYYRIFKSDNHTRRNCIFDASLLMNIFKMRTMPTHKVVLNVKKLAMQLQWLT,1
VCYWIGYHPCHAGSIPVQVERFQSRMCVERNDESGCKNNQTKNLMCSAACNYVNAMCNCTGSW,1
YTGRKCFFNLENRLVFPEKVDMEKNLLKLKASQPGQIVYANMPEGPPGEDRMCTCAFYTAHDSSNKQN,1
STNETATMWVYCKKNPSPQHCNTFYLVDPPLCSEWFHKFICYYHERVCQLFNLVGNAHNHKYRNPELDFEWRHDSRVDQAHCLSNVGTIKWCHMPLRHGNDSYKLPIGDNKKMGCHKWVNMLDNELCNMQRQNCCAYRLY,0
AAMNRQAAGDQGIYRTKSASWKTGQVQHLSHYGGHTICWHNYDEMNWWMP,1
AGSCQVTYVWRCEAIYQMQSLHSENNCGYRRSDANRWGWTKPRSPCCMSTDAVQKKNDCAKPSWLFQRDKAAWGMVQSALLPADQSYGAYFINAPKYIPCRQWKWQIFHEIEAIHMSTFHLPYRGCEQRQEGHPTTEWYPKCYVYTHTLQNNTWQTRGWYGGEAWMHCE,1
FKMVYTPTLVTNRWRPHMIYSMFHSSYTWRRYRDNGYFMNHKVQEISEWGWRNNCKDAQPFHQSVQAGLGCHTQHKWMDEFEPKQSGLPDMDHLAEIYTFTKIHFEDIFFTRIHTNEYVELDFNFFEGLGASMGYVGTNTVLYNELFESFWGHLHQLYMQNEPDPYWRWYEGREGCEVRNINK,0
IYLMCEKIFQCTICRCMQLHQPCLAADMWKPEYGCKVEAAYTWDTDEPRNDIAVPH,1
TPPMQLIGWWNHVYVDKGALITDDDHMVFCQAEQRYYTDEVAFVPQYDGMKYWHLHFETFTTTACWKYRWFPEPGNKRRTFFFQCKQREGQFMQHQPVCKMYMGAFQSKWYIISVIKFCQVPNRRA,0
PVAMPYKSMDTCKKSATLYFIPFEIHFLTGLSLECADPNALGKANFACQCFLYGFCKLIGFVYVCNIEYEKKNQDGRWEAKSKNQRSILQTDESQQSIVHDGYSEWCECHRTQMTFQTYC,0
IALAAETFQGHIVEDESPMMFYAQYWFYGWNQTHATGEQIVYPISFDPREDCE,0
THVLTEWHPDIMSYWKLGDYIGIQIMLLMARFQYITEEVWDKHCKGGSCSDSNDMMSFYIMMVWLELQGFRFGWYTQMQFPNWLPRYPEKWYHRTQQKSCQEDDMFSWKMNIQTYRRNKNWNMGIMDSGKKGFADDNESMIKQRWKTKDSPTEKKVQYDEAVELETIWKSRYSNVHSWGGG,1
RCKIHSRKYRCYQMDCVQFNQGIHHNHNSHIAPWAVHTRWETHSTYRKPHWMITEEVTDKGCNRKCNSHAHDYFDRGRDACEQQLMERYEYYSCPIPYIEFGWLDPKTLNPLWWTFIFREPTFARLMVPYSWNQCLEATMHTTKLGTSHWEYTKMAHFFAGPRETPMEHWH,0
CSFNYRDKHEKRHMWMAPPCTWRWLLKWMGCLRFVHDSTCSYAQSKTIKCPAHVFHNT,1
FNWPSWLNHQLIRSIETEMPGQHNALASHYGVYESAYCSKRSKHLHPCNPDMIMVHNGLYRYRWGWRYYVCHFDGGAWNFHYIWGRGKESLAMTVYYRGSCDTIYRPWANVVDVTMFHVHVCGITETSRRITWAPGL,1
NWRFCWQKAPTCQYGGVWKRHGFWYAHVINLGSWVPYHHSLRQNRIHKQHNQMWGDGKCGQWEQLGMPVYQYYMFIENGIEYLMRFDRCCIQKFNLAWMTDATGPYEFRQWRNVQLIEVIEMFLGEVTHKDKEWKYGMRGYLVSEY,1
FYWVYTSAAYQCRDPWAPRSMDIGFRKFLGMEYNYGAVCFSNNMYWHCGECTIFLSCWHCPESLTQNPYITVLPCTGNPERSWRGYGFCYCFDGMFVQLDSSMEMISIKQISCYWYYWWVPTAFYPGLKGAVHLNRTDRAMGSNRVLNYWFVWNACDNQHENIAFARPPERNISNGRHFRNMEPVIHSDS,0
PPWVHYVVEKSEIDKINQLTMLPCAASLLHHAPFDPNVFFCGHADYCLMPSYMVMAVYFCVHMMPEAVNLIDHYMHHKDMTIYCYASEKIAIFAHRHAKANHKFNCVKALQQHNGPICLGSLRYLMCLNMREFAALEPQWFMIAFVPFHNCPQGSLMARSLLDMMSGKAGVPCWCEELTSIGCR,0
MSEMQIGWEEGMACKSGKWFLHCYEIDCKMEKGADHKIPVWKYGNEKLDTHIMPDWQSRCGHKKTDECALDLKTRDDEETGMNHPGDQQLFCGMVMRDCHFPIKILCLMMFQDYCVAATGPAGIPCIAPALFYPFL,1
CCFECKKKEIVKDGWFTWDIKIQLTDDDETQCNFCNKKYAHVLRKMAMAFVA,1
PIPYCNPIRHHTWDHNQCHSKANCVQNVFHEPSSWEYYAPYYKLGHSTAKQREIREWDI,0
IITSSSHRTDAIHVFRHLSCVRWYQCVKASNNWLYFDKRQMPHCDYIAEPQKDQETRNQWLFTTDSKTYNCYSGCKFVVLLLVSGNEYSMAFTMQKLECGDPNVGLGFRRNKPSCTKWGERVNNYTHYFNTCECQQPTTVDSWGGVKVGKVSPMITKGAAPHLVGPFRNMIFI,1
LRGVDKLHWCIHFEMLAEGVPPAEEVVVRVRTFMSYCTAVTVWFPGPVEKDIPM,0
MDQQWEACGPQAIVQCNARMVTDRPDPKLACQFLWIPKVEIFGYFAWEAWEQQKWMSWEKTRIPACLPMQSGCFWHTFNWVNDERRMCVDV,1
ILYVYMVSFHCMPYSQHHNNYAGIPFLQKTDNNMEILQANFQETPDMMFGELLNVRVDDATLGMQTHEMWKIYESGGWCMVKSMQIPLNDCMVEIMRCWRPCDQYPSNAGPCVTWRIKIIMVTGCALISQSQHVYKESMKTMYDMILGTGHPGDPLEFWVHATYYVFGLWLGLLNEP,0
LSWGKQLIDTWDQGWVNRGNWHYLVCPREHDSKTIVPCASSMEMGMAKHDKCLTAVGGKLREIEDEAKMWYHFCWDRHFLKQPASYITGCPIKPVVKCEVTNSPMQLWTKQFDIVDCMFHQWCKLWTHVGKIKACEYVLALKPRVPFCHKWQTYYMFNKTIINWLCIQWEK,0
PSAIKPTKHYLFTCKCLNCRDCHKMSHPDMDRIHFGWDMGQTDEKPGLYYPQNPLHFNCIIWFILPKHYYWMISLGLLWEWDTQLGSKNNQCLEGPQELLFENQHCQLSDITEWRYLLNKRVYADIHRIRFNNKKRRYNFAWMVGTQNFHSKREYHQEEQHRNQPWNSSARFGTMEVYQKDDMYFE,0
DCEEHCMFPEKHPLHVVCAPCEKIVSEEVCMYEQTIAWWHAALPFNDWERPMCKNEWLMHPKNCAHASEITWEEILSWAFCSPGEHCLQIDDCTWLNMKPGQMFCHTGQEDMAQGTTMHPIIKHKMCVDVSIIGCSKWRCRMYNRSGDG,0
DPNICHTHAERENSVQQMSRGPTENVINEICENLRKKHCHKVNHWSIWGCCILMYYDSDIWNVPMPDGDAQYHKALPNEHLHRWHQQVLDGKQIADGAVLTAINWQWTSWFWEFFAVRWQGVIFIGLDPHEPGSAP,1
CYWGMTKFFSEYPTKPSYLLYSYAMPVFEGRCEQEVYSKIMQTPIQMKIQRANFQSWSHDIQYDMQCEFWLCDRW,0
CDNQTSTKDQDGWPFANRWCDHMLICQPHKHAAGASDPETLEYNPESWHASCAQYFRLCMSWELNCCKNCVSWRSGRNNLRELWQLTMVCMIWSEQTMDEPT,1
YYLNIDLHLHVYQNIHFARKNVMLLVAYMCMCKAGCRAVEPERCKNQYEREFLNNIEDAVYQTGGLWLDAVRYEVLWTL,0
FHWWIAIWTKYSKWSPWFCENVDWEESMPMHQEINPKKCDNTEQKIAPDQWGEYALPNMETRDLQWEQGNCTATFSQYLDDVVEHASTIGCLTWEPWSPFNHKFELSMKFMKTMGSWQDLECPMNAKNHTLGHWQMCALNKMAYLWMDSLCWESGMTREIVQCSRGKNLHFINALMYFPVL,0
VSHNENNENIDSCGTNKSHIHFHVVSHCTICVWYKNWIILVRMQRQNEDNHHWQAHLVPIKRIADWKWRQADCAVAKHPTPPLGFLQMFEDQPFNLCHHENEHYPIQDCLGHSGSNRDSVRGTCCTWFEVIKVMSSEKPYIMKVYDVWKVSQWR,1
ENHMHYDECYRYNTVIIFKYYFLAESVNYRVFQHMRMHYYEACEFCCVQDVLGCYMVQYPHYLWPCYNIV,0
CSISIPGACHPEKWYDCSLNVCQNYIHPRQFIVFKLTDAHRWIMCYCMYTLFDKYCWTNYKEVSLNMFYMSRGPSDVATYGKEHMDSGHNHWSVLAIDSDCNIWVYRTVVKFMELEDSMKALNCRYSCPVWMQDKFQHNVMKMVCYPRIFFHNYNKEIWAMPVYLPNPCD,1
WNSYYLRIWFNLQNPTALFMLGRKIGGTNHFSGIDIHTWYQGHFWHKNRRSYRFNEDAPFNCGFVFVSTCTLDQWNAHHPKFEFYNIPEYMRQVYAAMYGFPLGEEHSAKWYRKYAASFKAWSDENHRRF,1
NWFDGPYREYHVHNMNRIMVLIGDYNTDYVNSLWKQYQERYCVCVILYELLDELHNHPIPASWWPHRGEYMWCTRYVNDTQGEIYDIPWRHDWLSQIMWCFMHITNVHKWQWYVREPFNTLNGYYNPTYLWFFITDSWGLSPDIYIHMYDHMTVKPRWRHDIPSDADSAVQHDSGVPCN,0
EKYFLGAYFGWMRCRHTNNFYHCPKRRAYDAWYPRPVTARECWISILSFWGLFWWPRIMAEPHHGINVRSALRPWPKSQKVENFMFWHEIGGEQDLGVLKSYEMNWLHHVDNQYCKLGTRAPLNSCDIYRWVAWCFVSLDLPLMH,1
VMTDYNCAKWIKHESGVCMFTFDWIMDDAPLGMIWMGNVDPEKSNYHNIRCMFGWQHNTEYLAEPGRQDWGCKPVNEHNMHLKCFLQSCWKQRWIRIEGMNKVTDPGQAEVMMIECALTHHPAAPAGLAFCDDVIKCCSHEFALPRAVQVNNFHPKGHVRIYSTDPKYRSSWEWWCGPRLLEQIGNIGRWQDVLQQ,1
MVLRNTTAGRWQLLHHQRYKRKHMFKGHQWMHGEQDTRAMPDPVKCICADTHLWKVRTTWKGWIGTGPCNHGTIGWKYSVWHIWAPAMCDPHCCDPNAVFWLGVRQSEWIAYPKARRQFTGKYWTHIRGAKHYWEAKCSCDQPTLDEFMGAWHLNNAKTNCKNENVD,0
AVIWESTKIYWHNATGFYHNFCETIYFTYEVVVSMINVVISTCRHACESNTESHIKQKREDLEVMWWVPED,1
QLGISLHWVPIQKNGYNWNHRSEGSRCDRINCRIMTAYRCLYGDPRGKLKVKVKFPNKWYAMFHPGPGRIMLKEQERLQGSNEAEPHRGQVEADPVEEMQHDHINHSTETVETRTPDNTHHMSESFWQHKPSEHDYRQHVFYIYVWYDGVRQIMMNSHDCD,1
YIEPTVFNCLHRHRSARDLSCTAEMTCAGMEMFLFDGPSHVDGLSPKSMKLMRPTEMAADRASTKFGRKDWPPDYQCLKPMCSFAISQCVHNRCTMCWFTSPPPFFYWHMAHDPDGREFDWSTKKQMLFEMGCDVVHPPGDLFMELEPIGMCVVNTWTETSKMNMPIQVQSRYHIGPTIMTKCLQ,0
FTIVINQDQEAKQLVLHIQEMLTFLLHTYNFFEHCALAPTKEKHCVRLTHMHMRWWLSYIACLLLKVCFMGIILMWQMDADKANNGIDMMFHWHLIQAPGGFDNRDSVKIMDFLFIGSNTIETDVSCPADACWDAKIFARTRIDKYQGYENDDTGRMVDTMGFLCRMQQDSQLINFPND,1
TYFGPGPRCMSVCLPIHSTKIYFFPSMRTRNEESRIYIMTDHNAMFGQTDEAEQHHACDVMNQKLPDKCIHKPHHACTLRS,0
PIKAEVADLCVCPKCCFQDQAKSTIRIHKCLFSAGLLWPWDPEINTACKAWTFRYNERDQEWGTVIWYNTWAMLSFTKILIDNEVKECHVCCLDWCDKMMDFNRTSTRPCTALELNDAWAWEPQQDWMKGEFKARM,1
ATRQKEKFDVKEHASGGQFMAYLAEIAIQTKGAKAQMINGTMLINEPDYEIFCIFSRWPMSVRGIESMYCEQMEDFGKEHPLNLMMGGYGNQVWLLHLQFMHYVMYDHEWVMQLQENNCGFWRLHWIREPFMSYVRAIEKWHRDNCWHMWIPKCVRMRVQWPSCCTYVLNDGYFIVSQGMGFRGSVADYDHQVRPWCHPE,0
VWRDYTSPYIQEHLRSICTGSCVMNFCVGAKRIQEHYILVVWEPGPSYLKHTYHCWACFVGGSSDDEGDKDGYKRKFSDKTDHHGYI,1
RGSFNQGDWLHPAATEQGQRAYSECAPSIECPFYPFSGSPMAEDVSPPHRRFTMPLRCMMAITIPFGYQTSKWCEYKEFGYAPVDYFPLDMARERHREDQGAKNVDWDQEPPCCLMR,1
WAWDYITAGTAPNFYPINKTQHEHTTACVKFAHCDEDWNREASGTFPNANCVKSYRLCEVWVQIFFIM,0
HPTWDCGWREWHYQHYQFRNTFWLNCTFRYPYMVKSRENPKRVYHNLHQREIWWFDLRCLSDHWRNCPYWHDGACAEF,1
MLDMTLTQAKREYDYHDRLSTWAAQCCYLRRHIMSHYKWAVIIIQCDHDRMCVQVCEQHRGFYVMINVRIERMACISADVSYYPYEECPPYHHTLN,0
SCKNTSFWTDTRWRVNNDMLRMAYEIYPTRADTEIRIQGRYKFPHTIFHIHNGEDFWIFPLGAMYKSRFRARESHICNCQWYGWTDYLPYVWTIVHMDCWMIMC,1
KGNVFTSNCSAYCPSAWEYDCNPVFNWAKAVDGENNFPNEGWGGMQDIESVHMIYGSFGGCHKRQPFTFDKKEYMTQLFTSALNVANYGIQFESGDEIQHEWMRSGNILMKTQDKYVTFYGDSRI,0
PDHSTTWYTCFSMGMAWDIVPAYTFNMVIPCSNIEQKMSGNWSPENETQTAYA,0
CTANPQLNVHWRHQKFASFIWYNIIGYKCVAMRNDWYWLSGKISIVFYNGCESQTWEVNCGGDINDCAVVIQPRRPEEFDNYNYHHANDRKYKQDIGNCDQTDERHWQSPYTTLHYTNMLIRVPSPEMWILNYMYEWYLRPPVHQFKTFSKTVDFTYEEHICLFTHCGLKFDMLS,1
YWAMRHISVMASEGMGLGLFKHTNMGMMQSCCFQLLVYKETCQAHEKDFLLETTWGAQPDCHNCMSFTDQSTWEYYKMFMPCCLPFMRFYFHLCAYAERRGGAHFTHEDNRYKNFIRHWPAMPCWMAAIPICIQCPFAKY,0
MVTGMEAAVFSCKCFYTWLIYMPPKFVIYQCSAPVAHELIDHSYLPAHLNQMTKILEFVGLVMFDVEITLWACMRAKIALTVSCTEHKDYFVTHQRQKSWAIVCEAWMGWQWPNLWMNHITDGNRHGNNEKTCFLGGFIDQFRKRWSIRMELLCIIKCQYCEDQSRHVYGSMCCQKNDFKDVCEPTK,0
PFVRMWFHCWSDLNCIKYNFPFRFFESVLYDLPDEPQENSLYTHENLCQILGCQMCEGEFGKS,1
LATISGQCKEWTACTCDEPNFQGASGPPMSQMFLRHDMKLEYVQKYSCHFTMETFELDGIFILWEGDEEFRSGVNYHNQPMMCQRANQVDNFDHSYTIRYRIMLVKSAGCPGKQHFHDPNGCRRVTDDKLNAEFTFERLFQPWINYWWGILTAWNC,1
QNSVICMALVSCTSWFGTSSHSKGSKEGQDTMIIERSMHVGEFDGQAYQGDTQWHMHPQMINR,0
TLGYATAFRATQPMNGMCVNRKIVSLNYNLQERYKHHYKLYPGETQDAVCISEWYLTTHKHDNETDMICQESQHLNIMYPNHNLHWHVNEAFLHYHPQFCQIYCIYFNHPRLESHPENYCFIE,0
CGDQLMFSKSKTNRLETVVLMALDGTNMTDKVGDGMMHPPHQCDEIAKTVHDSIFTWVFHVPMFRHFHTKGKTCYPTYGWGCPYLKPHVQEINISALHQTWFWDAIKF,0
ATQTKDDPYFGQGTKERVRVHRFMQIELHAYNPSQPFQPQNYRWMRNWSEVKSHWMTFNWCAEMVSLNCALLLCYDAVMNAGSYDTSMSNAMGWNCLWRIMSPPFNLWTARSYLLTTCKEHFWEVDEQQTKWDRAWEQVNGLESADHDRGSTCLMGVRSPSCYNQIGQRYDHSCTMD,1
IWVHSQIPDCPDACLMDIRFIVVNEICYDINCTQQGILVAHHPSNWGHTWFDVTMKTWPGEVNEFNVTLGTICNDYHATILTSLRSVEHNNANHRCAEITVFGNSKRINQTQYFPGQGDSNQCVHFNTNMAKIQEMTIAVFIIKVHLSDLIVENFEWWFRNPGTYLQ,0
GSCLFKWWKSWYEFVIPKLEWEPTMCFPDWWSSDKWAQMVYHGNCPYARYIVRICMIPAVFANFSVCRMLDPPDLEQTARCVHPDDPESIISCKPNCKAGCDRHPSPNTMHPLLPWTYHETEV,0
IISRVWGKSKYTERMQTPKSIQRHMDHFKYWPWSCADNGCSFNEQTNPTYRKLGTNKCSSAMDCQAGHCCRFPWWRADVTIMYIGGGCLLKDCEIKCSGIDMYFNMFYYDKVNEHYMCNKGHGVPKWEEPMCG,0
IFYKEKNETYCPRIGKMNCCMIGVMGKQWGYWLQFNWCRGIQDGMKTWCILDLCHANFKNMNDNAGMCIMNWYKMVKRVIEPRISMPHVICDLHHEIWNLQNYEWHAIMAAEEMALEHCPWEGTKCYGVRSALLGEQTDCVTPWLETSWQYRWDYYSHVIQVAYGPAWHSQCHYYRQATSFDYWCQWPP,1
GKYALDGSYGNDVDFWVILWLCLVEDTTNTPKARWKTRCEHIAAFIADTDAEKPFQWQEEKCLVHQRLFIFFQAFWNR,0
ANPQLYQQPDWYLNCAEITQQWEYSWWPHQLQYMMRITGQKDNERPVQPKFWIPKTFKMCPAIRCDTVTQMQFGWMCLPCQTKIIHSWTAPSGRNIAMRASHACIMPFVWDAFWKH,0
SPVLGDEAMTFNYHESRQCLYCFPLPQVYIFYNSYWHEWLISELWSNYCMYPDTLIGQWAMQPNGEKHHPCCRSCYFCYHFMITQFEDHMAVASPGGQFIVGFLVPYGEP,1
PPHFDGINCMYDLIIQERLVRWDCPPKDCQSQECSIAVKNFDISVNNELKEAFDMPMGEHDLFWVTAFTKMHHCQSFVENWPGMRTCPAERSMDNNMSPNLMVFYPTNTAISRWLCEEYNTEISRQWMPIK,0
YCIVHMYASSLTLGQRECWPNPRCIDAMKTHEPFNYFMCELHNISCDTRVLCTSHWSAEPLMWRMDCMLDFRETAANLKKYYQWLDYTDNRFRYSKIMKSQRQLPAKTTLPV,1
PLYHHKSRDPMIGLTYKQYPAWKTRYFEERFTHGRYQLGLYKPQAAWKFTSNFGYMWGLRVHDSPTEWENETVGWFCMPFIMEVRFNEEYKKQIAMETTWPWTYNYQKNTSNLCDFSPVCAKVFDF,0
IHCAAITFQIYVHQQGDQQDLKHHHNEYPDYKYPAGYITVENSVLECRKRFWDTPDEVDQSNMCAPVVPEARTGFASQFDDNVKTTYVD,1
HLKKIGASLMNDGIPWIPEDYDNFGVYQFMKTNAAEVTNYNFAWHRQDFGMWCNQKYSTTCLMDCEIWYVACILWHTDRETMGTLAVQWVAAKQDNTTCGANESYMYYLICIAHQE,1
TCCIHIYTTHFRCMTPEVQWDEKQTCQSWSMQHFITQLNFINEPTFGKFCDMLDKISCLQFAPEKSWQYILYAYFRILGRRLWEGRGVMNIQEVGGWCEFRDSPNKMIHECWNDWDWWHQEGQIVRWVRNVFRKIIDPPNRQACEPLPAMVKGPFLFLFYMFFTFAPEIYGRRSKFS,0
HDLSNKSKHMTLRLCSHRTPWIKWTLQNYHKVHEIVRHIAMLFCCWSMQFEWLKVFTVAQQQAEHNPRYCQNPQDPISGMRWCMYYKETISALHRASCDRVREDHYWIHELLRVLKKSTSGFHPIALYYAYQRGYCHYWFIDPGQHMKLYTIGMDGTHGPQWIPYKFMHGNNGEP,0
RIPMMMWTAPYKMKTHICQLKANQWMKTYGGYLLTQFDMWYWQRDDKMRTNTKPIGHALRQEEKRNKDRMGRHWQEAPMVKMGSFAQWGNHLL,1
PHWARQPHNIRTNPILHCSEGHWELEYFQMCKNARGTRQWKDRTCEQMNSNCHDDPHFFYGPHCKWCPISAMIYAHKCWGFPLAVQNGQTHDTLDSGEYKHSGNDNYQQ,1
EYRHYWGWHAHDGGMCGVQNKPYAIKTPEGPTWITTRACYLSEISHFIDDVEERRECDLAVFKYGWKVRRQDIWMERLYMKTKKKCPAGGSNRHCNYCEDCVDLNEYHYWIDRIVQWEDKLIYCAESFVQPSRWEWPMVMARLEGCTNFWGTWYDIFFTWWLDPSNTCSMANGWFDVVNVLEYWEM,0
RSNVGRCNLEIRWSPRQRNMDQCVDKMDFKLGGMTCKVFGEKFEKVMSCSWLENKPFCDIGFEYSINFFPMMWHTFGVVKVWTKAYVPIQDEMHFCGYFRMFVIMTQCHVARATHSCRYMCMSCWSIYFIQQVFLRPKKWKFGLLGAYPIPGWNRIMKWMGRTNCEDCWFTSSNETWCFA,0
TNYNRSVQNMRITIELGGTIPRERQMYTLGGAFEMTHYDCIFFLNTQFFGRFIADWRECTNYIFLWKSARCQSLNPYKCWRRAVHLKWMEANATYKIEILVRWYMEKISPFPWCNKAQHTQT,1
KRSKERLHGRCRVQVDYQGQCSSTSSIGVQSIVQTISLLVVKASLRFTKGCPVYELMPTMEQDNESHYWVKMWTVGDQKDCWGDKVHCAFDHGAWYQLCMSTFVSLGIGEFGRGWYIPETQVRWMHADWAEMHHQRFQPYVAPYHGK,0
LDHMNNPIEYAGCQVLADYEVIKWCKDCHTTKAAITIWEVPHDQKDHREFKDSSWKYATNKFRPWDCPHKLASMIPSDPTGLKVTHCMVDQYPTMHDDCSMQDHIPWMAWPTKWWGHFIQVYDIQQHGGNRWEDPSPLPIN,0
KLHDFDVWLKHALCGGIVHVAQYHYHEFAYDPHGGCSGIMVGQRMRPGEQPLNIYFCYNGRVVLHLFSWDHWNLFCDQRYPTYEWRRKDCHKFTDKIKTIQSVTHYRHCCHWGNRPHHRED,0
HKAFRELCHWGRYNMDYTHVTSCFPMADVEKMTMDWYMQGWRMVEWDNEN,0
ASCDSLKQICMCRVFHWWSWTPIMVMKQCTSFAKDQVNQSFYYRKTNPLHHIRVALWDHEFGLNQCDADRSYC,1
SRHFFKQWVKDMREFVNAYCKVFQMDKCQCLWCSGNHEIWLAFGWVWWAYMDLHTSHPNNIIPMATWPRNTDHCCGESRLQKRHHIWVTVWIPMWHFFILFRSLIWEQIQNAWVNLAQKRQKMFNSYDFWFVE,0
FISAFVSLEVTPIINVGHTFWIWIWHDGIVRTEHTGPHKWYPRTFWGNRRDEFGGTIWYPRTTCDKGAWEPYIFLYWNA,0
TVQTARWCQCRAANRVRHNLCCGYGLDSFFLPDVWGYALLAWMPTYVERCGKMYSITEHMMMRFGFKMDYERVFMMESMAPWGYWGPMWHNSARPLV,1
YKIVHWVAMKLLATNNWTHMCSKLLDTQWVVQDLPNKLWSDNIRMPGPMGGFHWMGKYVIVFGCEWESASATFSDLVVTMKMKTYFNVSKIGTQQEITADTYDHMRHFTFAHTINCTYQDW,1
IHFDAWRAFYMQVYKRMFRCNHCIKFRWWPPGALGDPWLPHREMICAASVMIWNGSIHYDAGDWCTSHGMRMHRSIFTCHGNSMTLSSRRYEDQLGMELSIKETLPTWTEGQKGLGKPSSWFMRIRM,0
PCCNYKYRHQTCKPFEAKSWDDHVYHSEPLCWQGPNNNMQEPIDQWVMPGVYACHFWCDYLLIKCDSEGPGLTIKCTYMVDKIHHIYFDWCQCLYLTCAVEATDCVEDNSMLWLDGQNICKQADYGYPMRVWWGRQFMYPPEKPIYMWAKCEEAVQPIGTMRHIMCYMQPINKL,0
MMSVKDEYWLPANMFCTTYREMALVRWEGCPCPRVMFQSQKGKFMNTGYGRTDWCKKHSGKPCQFMRGGSYEFGPQPLTVHESLYWDWPIVWVWEPNRRLWIWKHIKTRSHLWGNRLVEMFPLHMEEFKASFFHIWAVMSMKHRMWHSDSILKDHIDSQHEGHNHAVMMTNWVPLWE,1
RVAWCLVELEVYERVKYTDPHQGQQQYVKNQSCSVKIAFHLMNAGEDEGFKEQREQLHVYRIKFGNHHRWPVLIMIIRCYPVNITGSQLCPAVQDRKPFFCATWTKLRPTHEDAHFTTRDDCIPGFPAVHTIWSQYLCSPFVYMFPAGMLASPSRHQMPFVDNHYRAWL,0
